name,id,optaId,teamId,teamName,isGoalkeeper,stats,shirtNumber,usualPosition,positionId,matchId,matchRound,homeTeamName,homeTeamid,awayTeamName,awayTeamid,matchDate,home_goals,away_goals,FotMob_rating,Minutes_played,Goals,Assists,Total_shots,Accurate_passes_value,Accurate_passes_total,Chances_created,Expected_assists_xA,xG_plus_xA,Fantasy_points,Defensive_actions,touches,touches_opp_box,passes_into_final_third,accurate_crosses_value,accurate_crosses_total,long_balls_accurate_value,long_balls_accurate_total,dispossessed,tackles_succeeded_value,tackles_succeeded_total,shot_blocks,clearances,headed_clearance,interceptions,recoveries,dribbled_past,duel_won,duel_lost,ground_duels_won_value,ground_duels_won_total,aerials_won_value,aerials_won_total,fouls_received,fouls_committed
Guillermo Ochoa,31047,33376,6710,Mexico,True,[],13,0,,4667751,1,Mexico,6710,South Africa,6316,2026-06-11T19:00:00.000Z,2,0,,,,,,,,,,,,,,,,,,,,,,,,,,,,,,,,,,,,
Ronwen Williams,253991,166587,6316,South Africa,True,"[{'title': 'Top stats', 'key': 'top_stats', 'stats': {'FotMob rating': {'key': 'rating_title', 'stat': {'value': 6.24, 'type': 'double'}}, 'Minutes played': {'key': 'minutes_played', 'stat': {'value': 90, 'type': 'integer'}}, 'Saves': {'key': 'saves', 'stat': {'value': 2, 'type': 'integer'}}, 'Goals conceded': {'key': 'goals_conceded', 'stat': {'value': 2, 'type': 'integer'}}, 'xGOT faced': {'key': 'expected_goals_on_target_faced', 'stat': {'value': 1.28, 'type': 'double'}}, 'Goals prevented': {'key': 'goals_prevented', 'stat': {'value': -0.72, 'type': 'double'}}, 'Shotmap': {'key': None, 'stat': {'value': 1, 'type': 'boolean'}}, 'Accurate passes': {'key': 'accurate_passes', 'stat': {'value': 28, 'total': 40, 'type': 'fractionWithPercentage'}}, 'Accurate long balls': {'key': 'long_balls_accurate', 'stat': {'value': 8, 'total': 19, 'type': 'fractionWithPercentage'}}, 'Diving save': {'key': 'keeper_diving_save', 'stat': {'value': 1, 'type': 'integer'}}, 'Saves inside box': {'key': 'saves_inside_box', 'stat': {'value': 1, 'type': 'integer'}}, 'Acted as sweeper': {'key': 'keeper_sweeper', 'stat': {'value': 1, 'type': 'integer'}}, 'Punches': {'key': 'punches', 'stat': {'value': 1, 'type': 'integer'}}, 'Throws': {'key': 'player_throws', 'stat': {'value': 7, 'type': 'integer'}}, 'High claim': {'key': 'keeper_high_claim', 'stat': {'value': 2, 'type': 'integer'}}, 'Recoveries': {'key': 'recoveries', 'stat': {'value': 11, 'type': 'integer'}}, 'Clearances': {'key': 'clearances', 'stat': {'value': 3, 'type': 'integer'}}, 'Touches': {'key': 'touches', 'stat': {'value': 55, 'type': 'integer'}}, 'Defensive actions': {'key': 'defensive_actions', 'stat': {'value': 4, 'type': 'integer'}, 'hideInPopupCard': True}, 'Was fouled': {'key': 'was_fouled', 'stat': {'type': 'integer'}, 'hideInPopupCard': True}, 'Fouls committed': {'key': 'fouls', 'stat': {'value': 0, 'type': 'integer'}, 'hideInPopupCard': True}, 'Tackles': {'key': 'matchstats.headers.tackles', 'stat': {'value': 0, 'type': 'integer'}, 'hideInPopupCard': True}, 'Passes into final third': {'key': 'passes_into_final_third', 'stat': {'value': 8, 'type': 'integer'}, 'hideInPopupCard': True}, 'Interceptions': {'key': 'interceptions', 'stat': {'value': 1, 'type': 'integer'}, 'hideInPopupCard': True}}}]",1,0,11,4667751,1,Mexico,6710,South Africa,6316,2026-06-11T19:00:00.000Z,2,0,6.24,90.0,,,,28.0,40.0,,,,,4.0,,,,,,,,,,,,,,,,,,,,,,,,
Raul Jiménez,292313,102057,6710,Mexico,False,"[{'title': 'Top stats', 'key': 'top_stats', 'stats': {'FotMob rating': {'key': 'rating_title', 'stat': {'value': 8.03, 'type': 'double'}}, 'Minutes played': {'key': 'minutes_played', 'stat': {'value': 76, 'type': 'integer'}}, 'Goals': {'key': 'goals', 'stat': {'value': 1, 'type': 'integer'}}, 'Assists': {'key': 'assists', 'stat': {'value': 0, 'type': 'integer'}}, 'Expected goals (xG)': {'key': 'expected_goals', 'stat': {'value': 0.84, 'type': 'double'}}, 'Expected goals on target (xGOT)': {'key': 'expected_goals_on_target_variant', 'stat': {'value': 1.15, 'type': 'double'}}, 'Expected assists (xA)': {'key': 'expected_assists', 'stat': {'value': 0.01, 'type': 'double'}}, 'xG + xA': {'key': 'xg_and_xa', 'stat': {'value': 0.85, 'type': 'double'}}, 'Total shots': {'key': 'total_shots', 'stat': {'value': 4, 'type': 'integer'}, 'hideInPopupCard': True}, 'Accurate passes': {'key': 'accurate_passes', 'stat': {'value': 15, 'total': 19, 'type': 'fractionWithPercentage'}}, 'Chances created': {'key': 'chances_created', 'stat': {'value': 2, 'type': 'integer'}}, 'Shots on target': {'key': 'ShotsOnTarget', 'stat': {'value': 2, 'type': 'integer'}}, 'Shots off target': {'key': 'ShotsOffTarget', 'stat': {'value': 1, 'type': 'integer'}}, 'Blocked shots': {'key': 'blocked_shots', 'stat': {'value': 1, 'type': 'integer'}}, 'Shot accuracy': {'key': 'shot_accuracy', 'stat': {'value': 2, 'total': 3, 'type': 'fractionWithPercentage'}}, 'Shotmap': {'key': None, 'stat': {'value': 1, 'type': 'boolean'}}, 'Defensive actions': {'key': 'defensive_actions', 'stat': {'value': 2, 'type': 'integer'}}}}, {'title': 'Attack', 'key': 'attack', 'stats': {'Touches': {'key': 'touches', 'stat': {'value': 32, 'type': 'integer'}}, 'Touches in opposition box': {'key': 'touches_opp_box', 'stat': {'value': 4, 'type': 'integer'}}, 'Successful dribbles': {'key': 'dribbles_succeeded', 'stat': {'value': 0, 'total': 2, 'type': 'fractionWithPercentage'}}, 'Passes into final third': {'key': 'passes_into_final_third', 'stat': {'value': 2, 'type': 'integer'}}, 'Dispossessed': {'key': 'dispossessed', 'stat': {'value': 1, 'type': 'integer'}}, 'Offsides': {'key': 'Offsides', 'stat': {'value': 1, 'type': 'integer'}}, 'xG Non-penalty': {'key': 'expected_goals_non_penalty', 'stat': {'value': 0.84, 'type': 'double'}}}}, {'title': 'Defense', 'key': 'defense', 'stats': {'Defensive actions': {'key': 'defensive_actions', 'stat': {'value': 2, 'type': 'integer'}}, 'Tackles': {'key': 'matchstats.headers.tackles', 'stat': {'value': 1, 'type': 'integer'}}, 'Blocks': {'key': 'shot_blocks', 'stat': {'value': 0, 'type': 'integer'}}, 'Clearances': {'key': 'clearances', 'stat': {'value': 1, 'type': 'integer'}}, 'Headed clearance': {'key': 'headed_clearance', 'stat': {'value': 1, 'type': 'integer'}}, 'Interceptions': {'key': 'interceptions', 'stat': {'value': 0, 'type': 'integer'}}, 'Recoveries': {'key': 'recoveries', 'stat': {'value': 0, 'type': 'integer'}}, 'Dribbled past': {'key': 'dribbled_past', 'stat': {'value': 0, 'type': 'integer'}}}}, {'title': 'Duels', 'key': 'duels', 'stats': {'Ground duels won': {'key': 'ground_duels_won', 'stat': {'value': 1, 'total': 4, 'type': 'fractionWithPercentage'}}, 'Aerial duels won': {'key': 'aerials_won', 'stat': {'value': 5, 'total': 6, 'type': 'fractionWithPercentage'}}, 'Was fouled': {'key': 'was_fouled', 'stat': {'type': 'integer'}}, 'Fouls committed': {'key': 'fouls', 'stat': {'value': 1, 'type': 'integer'}}, 'Duels won': {'key': 'duel_won', 'stat': {'value': 6, 'type': 'integer'}, 'hideInPopupCard': True}, 'Duels lost': {'key': 'duel_lost', 'stat': {'value': 4, 'type': 'integer'}, 'hideInPopupCard': True}}}]",9,3,115,4667751,1,Mexico,6710,South Africa,6316,2026-06-11T19:00:00.000Z,2,0,8.03,76.0,1.0,0.0,4.0,15.0,19.0,2.0,0.01,0.85,,2.0,32.0,4.0,2.0,,,,,1.0,,,0.0,1.0,1.0,0.0,0.0,0.0,6.0,4.0,1.0,4.0,5.0,6.0,,1.0
Themba Zwane,303609,185330,6316,South Africa,False,"[{'title': 'Top stats', 'key': 'top_stats', 'stats': {'FotMob rating': {'key': 'rating_title', 'stat': {'value': 4.9, 'type': 'double'}}, 'Minutes played': {'key': 'minutes_played', 'stat': {'value': 23, 'type': 'integer'}}, 'Goals': {'key': 'goals', 'stat': {'value': 0, 'type': 'integer'}}, 'Assists': {'key': 'assists', 'stat': {'value': 0, 'type': 'integer'}}, 'Accurate passes': {'key': 'accurate_passes', 'stat': {'value': 5, 'total': 7, 'type': 'fractionWithPercentage'}}, 'Chances created': {'key': 'chances_created', 'stat': {'value': 0, 'type': 'integer'}}, 'Shotmap': {'key': None, 'stat': {'value': 0, 'type': 'boolean'}}, 'Defensive actions': {'key': 'defensive_actions', 'stat': {'value': 0, 'type': 'integer'}}}}, {'title': 'Attack', 'key': 'attack', 'stats': {'Touches': {'key': 'touches', 'stat': {'value': 8, 'type': 'integer'}}, 'Touches in opposition box': {'key': 'touches_opp_box', 'stat': {'value': 0, 'type': 'integer'}}, 'Dispossessed': {'key': 'dispossessed', 'stat': {'value': 1, 'type': 'integer'}}}}, {'title': 'Defense', 'key': 'defense', 'stats': {'Defensive actions': {'key': 'defensive_actions', 'stat': {'value': 0, 'type': 'integer'}}, 'Tackles': {'key': 'matchstats.headers.tackles', 'stat': {'value': 0, 'type': 'integer'}}, 'Blocks': {'key': 'shot_blocks', 'stat': {'value': 0, 'type': 'integer'}}, 'Clearances': {'key': 'clearances', 'stat': {'value': 0, 'type': 'integer'}}, 'Interceptions': {'key': 'interceptions', 'stat': {'value': 0, 'type': 'integer'}}, 'Recoveries': {'key': 'recoveries', 'stat': {'value': 2, 'type': 'integer'}}, 'Dribbled past': {'key': 'dribbled_past', 'stat': {'value': 1, 'type': 'integer'}}}}, {'title': 'Duels', 'key': 'duels', 'stats': {'Ground duels won': {'key': 'ground_duels_won', 'stat': {'value': 0, 'total': 3, 'type': 'fractionWithPercentage'}}, 'Aerial duels won': {'key': 'aerials_won', 'stat': {'value': 0, 'total': 0, 'type': 'fractionWithPercentage'}}, 'Was fouled': {'key': 'was_fouled', 'stat': {'type': 'integer'}}, 'Fouls committed': {'key': 'fouls', 'stat': {'value': 1, 'type': 'integer'}}, 'Duels lost': {'key': 'duel_lost', 'stat': {'value': 3, 'type': 'integer'}, 'hideInPopupCard': True}}}]",11,2,,4667751,1,Mexico,6710,South Africa,6316,2026-06-11T19:00:00.000Z,2,0,4.9,23.0,0.0,0.0,,5.0,7.0,0.0,,,,0.0,8.0,0.0,,,,,,1.0,,,0.0,0.0,,0.0,2.0,1.0,,3.0,0.0,3.0,0.0,0.0,,1.0
Ricardo Goss,428006,442045,6316,South Africa,True,[],22,0,,4667751,1,Mexico,6710,South Africa,6316,2026-06-11T19:00:00.000Z,2,0,,,,,,,,,,,,,,,,,,,,,,,,,,,,,,,,,,,,
Luis Chávez,527616,181066,6710,Mexico,False,"[{'title': 'Top stats', 'key': 'top_stats', 'stats': {'FotMob rating': {'key': 'rating_title', 'stat': {'value': 6.53, 'type': 'double'}}, 'Minutes played': {'key': 'minutes_played', 'stat': {'value': 24, 'type': 'integer'}}, 'Goals': {'key': 'goals', 'stat': {'value': 0, 'type': 'integer'}}, 'Assists': {'key': 'assists', 'stat': {'value': 0, 'type': 'integer'}}, 'Expected assists (xA)': {'key': 'expected_assists', 'stat': {'value': 0.01, 'type': 'double'}}, 'xG + xA': {'key': 'xg_and_xa', 'stat': {'value': 0.01, 'type': 'double'}}, 'Accurate passes': {'key': 'accurate_passes', 'stat': {'value': 28, 'total': 28, 'type': 'fractionWithPercentage'}}, 'Chances created': {'key': 'chances_created', 'stat': {'value': 0, 'type': 'integer'}}, 'Shotmap': {'key': None, 'stat': {'value': 0, 'type': 'boolean'}}, 'Defensive actions': {'key': 'defensive_actions', 'stat': {'value': 3, 'type': 'integer'}}}}, {'title': 'Attack', 'key': 'attack', 'stats': {'Touches': {'key': 'touches', 'stat': {'value': 35, 'type': 'integer'}}, 'Touches in opposition box': {'key': 'touches_opp_box', 'stat': {'value': 0, 'type': 'integer'}}, 'Passes into final third': {'key': 'passes_into_final_third', 'stat': {'value': 6, 'type': 'integer'}}, 'Accurate crosses': {'key': 'accurate_crosses', 'stat': {'value': 0, 'total': 1, 'type': 'fractionWithPercentage'}}, 'Accurate long balls': {'key': 'long_balls_accurate', 'stat': {'value': 1, 'total': 1, 'type': 'fractionWithPercentage'}}, 'Dispossessed': {'key': 'dispossessed', 'stat': {'value': 1, 'type': 'integer'}}}}, {'title': 'Defense', 'key': 'defense', 'stats': {'Defensive actions': {'key': 'defensive_actions', 'stat': {'value': 3, 'type': 'integer'}}, 'Tackles': {'key': 'matchstats.headers.tackles', 'stat': {'value': 2, 'type': 'integer'}}, 'Blocks': {'key': 'shot_blocks', 'stat': {'value': 0, 'type': 'integer'}}, 'Clearances': {'key': 'clearances', 'stat': {'value': 1, 'type': 'integer'}}, 'Interceptions': {'key': 'interceptions', 'stat': {'value': 0, 'type': 'integer'}}, 'Recoveries': {'key': 'recoveries', 'stat': {'value': 1, 'type': 'integer'}}, 'Dribbled past': {'key': 'dribbled_past', 'stat': {'value': 0, 'type': 'integer'}}}}, {'title': 'Duels', 'key': 'duels', 'stats': {'Ground duels won': {'key': 'ground_duels_won', 'stat': {'value': 2, 'total': 4, 'type': 'fractionWithPercentage'}}, 'Aerial duels won': {'key': 'aerials_won', 'stat': {'value': 0, 'total': 0, 'type': 'fractionWithPercentage'}}, 'Was fouled': {'key': 'was_fouled', 'stat': {'type': 'integer'}}, 'Fouls committed': {'key': 'fouls', 'stat': {'value': 1, 'type': 'integer'}}, 'Duels won': {'key': 'duel_won', 'stat': {'value': 2, 'type': 'integer'}, 'hideInPopupCard': True}, 'Duels lost': {'key': 'duel_lost', 'stat': {'value': 2, 'type': 'integer'}, 'hideInPopupCard': True}}}]",24,2,,4667751,1,Mexico,6710,South Africa,6316,2026-06-11T19:00:00.000Z,2,0,6.53,24.0,0.0,0.0,,28.0,28.0,0.0,0.01,0.01,,3.0,35.0,0.0,6.0,0.0,1.0,1.0,1.0,1.0,,,0.0,1.0,,0.0,1.0,0.0,2.0,2.0,2.0,4.0,0.0,0.0,,1.0
Guillermo Martínez,558539,192352,6710,Mexico,False,[],22,3,,4667751,1,Mexico,6710,South Africa,6316,2026-06-11T19:00:00.000Z,2,0,,,,,,,,,,,,,,,,,,,,,,,,,,,,,,,,,,,,
Orbelín Pineda,559986,193439,6710,Mexico,False,[],17,2,,4667751,1,Mexico,6710,South Africa,6316,2026-06-11T19:00:00.000Z,2,0,,,,,,,,,,,,,,,,,,,,,,,,,,,,,,,,,,,,
Jesús Gallardo,597976,200111,6710,Mexico,False,"[{'title': 'Top stats', 'key': 'top_stats', 'stats': {'FotMob rating': {'key': 'rating_title', 'stat': {'value': 7.21, 'type': 'double'}}, 'Minutes played': {'key': 'minutes_played', 'stat': {'value': 90, 'type': 'integer'}}, 'Goals': {'key': 'goals', 'stat': {'value': 0, 'type': 'integer'}}, 'Assists': {'key': 'assists', 'stat': {'value': 0, 'type': 'integer'}}, 'Expected goals (xG)': {'key': 'expected_goals', 'stat': {'value': 0.04, 'type': 'double'}}, 'Expected goals on target (xGOT)': {'key': 'expected_goals_on_target_variant', 'stat': {'type': 'double'}}, 'Expected assists (xA)': {'key': 'expected_assists', 'stat': {'value': 0.05, 'type': 'double'}}, 'xG + xA': {'key': 'xg_and_xa', 'stat': {'value': 0.09, 'type': 'double'}}, 'Total shots': {'key': 'total_shots', 'stat': {'value': 2, 'type': 'integer'}, 'hideInPopupCard': True}, 'Accurate passes': {'key': 'accurate_passes', 'stat': {'value': 34, 'total': 45, 'type': 'fractionWithPercentage'}}, 'Chances created': {'key': 'chances_created', 'stat': {'value': 0, 'type': 'integer'}}, 'Shots on target': {'key': 'ShotsOnTarget', 'stat': {'value': 0, 'type': 'integer'}}, 'Shots off target': {'key': 'ShotsOffTarget', 'stat': {'value': 1, 'type': 'integer'}}, 'Blocked shots': {'key': 'blocked_shots', 'stat': {'value': 1, 'type': 'integer'}}, 'Shot accuracy': {'key': 'shot_accuracy', 'stat': {'value': 0, 'total': 1, 'type': 'fractionWithPercentage'}}, 'Shotmap': {'key': None, 'stat': {'value': 1, 'type': 'boolean'}}, 'Defensive actions': {'key': 'defensive_actions', 'stat': {'value': 6, 'type': 'integer'}}}}, {'title': 'Attack', 'key': 'attack', 'stats': {'Touches': {'key': 'touches', 'stat': {'value': 73, 'type': 'integer'}}, 'Touches in opposition box': {'key': 'touches_opp_box', 'stat': {'value': 2, 'type': 'integer'}}, 'Passes into final third': {'key': 'passes_into_final_third', 'stat': {'value': 6, 'type': 'integer'}}, 'Accurate long balls': {'key': 'long_balls_accurate', 'stat': {'value': 2, 'total': 4, 'type': 'fractionWithPercentage'}}, 'Dispossessed': {'key': 'dispossessed', 'stat': {'value': 1, 'type': 'integer'}}, 'xG Non-penalty': {'key': 'expected_goals_non_penalty', 'stat': {'value': 0.04, 'type': 'double'}}}}, {'title': 'Defense', 'key': 'defense', 'stats': {'Defensive actions': {'key': 'defensive_actions', 'stat': {'value': 6, 'type': 'integer'}}, 'Tackles': {'key': 'matchstats.headers.tackles', 'stat': {'value': 0, 'type': 'integer'}}, 'Blocks': {'key': 'shot_blocks', 'stat': {'value': 0, 'type': 'integer'}}, 'Clearances': {'key': 'clearances', 'stat': {'value': 3, 'type': 'integer'}}, 'Headed clearance': {'key': 'headed_clearance', 'stat': {'value': 2, 'type': 'integer'}}, 'Interceptions': {'key': 'interceptions', 'stat': {'value': 3, 'type': 'integer'}}, 'Recoveries': {'key': 'recoveries', 'stat': {'value': 3, 'type': 'integer'}}, 'Dribbled past': {'key': 'dribbled_past', 'stat': {'value': 0, 'type': 'integer'}}}}, {'title': 'Duels', 'key': 'duels', 'stats': {'Ground duels won': {'key': 'ground_duels_won', 'stat': {'value': 0, 'total': 2, 'type': 'fractionWithPercentage'}}, 'Aerial duels won': {'key': 'aerials_won', 'stat': {'value': 3, 'total': 3, 'type': 'fractionWithPercentage'}}, 'Was fouled': {'key': 'was_fouled', 'stat': {'type': 'integer'}}, 'Fouls committed': {'key': 'fouls', 'stat': {'value': 1, 'type': 'integer'}}, 'Duels won': {'key': 'duel_won', 'stat': {'value': 3, 'type': 'integer'}, 'hideInPopupCard': True}, 'Duels lost': {'key': 'duel_lost', 'stat': {'value': 2, 'type': 'integer'}, 'hideInPopupCard': True}}}]",23,1,38,4667751,1,Mexico,6710,South Africa,6316,2026-06-11T19:00:00.000Z,2,0,7.21,90.0,0.0,0.0,2.0,34.0,45.0,0.0,0.05,0.09,,6.0,73.0,2.0,6.0,,,2.0,4.0,1.0,,,0.0,3.0,2.0,3.0,3.0,0.0,3.0,2.0,0.0,2.0,3.0,3.0,,1.0
Aubrey Maphosa Modiba,616179,230336,6316,South Africa,False,"[{'title': 'Top stats', 'key': 'top_stats', 'stats': {'FotMob rating': {'key': 'rating_title', 'stat': {'value': 5.89, 'type': 'double'}}, 'Minutes played': {'key': 'minutes_played', 'stat': {'value': 77, 'type': 'integer'}}, 'Goals': {'key': 'goals', 'stat': {'value': 0, 'type': 'integer'}}, 'Assists': {'key': 'assists', 'stat': {'value': 0, 'type': 'integer'}}, 'Expected goals (xG)': {'key': 'expected_goals', 'stat': {'value': 0.02, 'type': 'double'}}, 'Expected goals on target (xGOT)': {'key': 'expected_goals_on_target_variant', 'stat': {'value': 0.05, 'type': 'double'}}, 'xG + xA': {'key': 'xg_and_xa', 'stat': {'value': 0.02, 'type': 'double'}}, 'Total shots': {'key': 'total_shots', 'stat': {'value': 1, 'type': 'integer'}, 'hideInPopupCard': True}, 'Accurate passes': {'key': 'accurate_passes', 'stat': {'value': 12, 'total': 15, 'type': 'fractionWithPercentage'}}, 'Chances created': {'key': 'chances_created', 'stat': {'value': 0, 'type': 'integer'}}, 'Shots on target': {'key': 'ShotsOnTarget', 'stat': {'value': 1, 'type': 'integer'}}, 'Shots off target': {'key': 'ShotsOffTarget', 'stat': {'value': 0, 'type': 'integer'}}, 'Shot accuracy': {'key': 'shot_accuracy', 'stat': {'value': 1, 'total': 1, 'type': 'fractionWithPercentage'}}, 'Shotmap': {'key': None, 'stat': {'value': 1, 'type': 'boolean'}}, 'Defensive actions': {'key': 'defensive_actions', 'stat': {'value': 3, 'type': 'integer'}}}}, {'title': 'Attack', 'key': 'attack', 'stats': {'Touches': {'key': 'touches', 'stat': {'value': 30, 'type': 'integer'}}, 'Touches in opposition box': {'key': 'touches_opp_box', 'stat': {'value': 0, 'type': 'integer'}}, 'Successful dribbles': {'key': 'dribbles_succeeded', 'stat': {'value': 0, 'total': 2, 'type': 'fractionWithPercentage'}}, 'Passes into final third': {'key': 'passes_into_final_third', 'stat': {'value': 2, 'type': 'integer'}}, 'Accurate crosses': {'key': 'accurate_crosses', 'stat': {'value': 0, 'total': 2, 'type': 'fractionWithPercentage'}}, 'Corners': {'key': 'corners', 'stat': {'value': 1, 'type': 'integer'}}, 'Dispossessed': {'key': 'dispossessed', 'stat': {'value': 0, 'type': 'integer'}}, 'Offsides': {'key': 'Offsides', 'stat': {'value': 1, 'type': 'integer'}}, 'xG Non-penalty': {'key': 'expected_goals_non_penalty', 'stat': {'value': 0.02, 'type': 'double'}}}}, {'title': 'Defense', 'key': 'defense', 'stats': {'Defensive actions': {'key': 'defensive_actions', 'stat': {'value': 3, 'type': 'integer'}}, 'Tackles': {'key': 'matchstats.headers.tackles', 'stat': {'value': 3, 'type': 'integer'}}, 'Blocks': {'key': 'shot_blocks', 'stat': {'value': 0, 'type': 'integer'}}, 'Clearances': {'key': 'clearances', 'stat': {'value': 0, 'type': 'integer'}}, 'Interceptions': {'key': 'interceptions', 'stat': {'value': 0, 'type': 'integer'}}, 'Recoveries': {'key': 'recoveries', 'stat': {'value': 4, 'type': 'integer'}}, 'Dribbled past': {'key': 'dribbled_past', 'stat': {'value': 1, 'type': 'integer'}}}}, {'title': 'Duels', 'key': 'duels', 'stats': {'Ground duels won': {'key': 'ground_duels_won', 'stat': {'value': 5, 'total': 10, 'type': 'fractionWithPercentage'}}, 'Aerial duels won': {'key': 'aerials_won', 'stat': {'value': 0, 'total': 1, 'type': 'fractionWithPercentage'}}, 'Was fouled': {'key': 'was_fouled', 'stat': {'value': 2, 'type': 'integer'}}, 'Fouls committed': {'key': 'fouls', 'stat': {'value': 2, 'type': 'integer'}}, 'Duels won': {'key': 'duel_won', 'stat': {'value': 5, 'type': 'integer'}, 'hideInPopupCard': True}, 'Duels lost': {'key': 'duel_lost', 'stat': {'value': 6, 'type': 'integer'}, 'hideInPopupCard': True}}}]",6,1,59,4667751,1,Mexico,6710,South Africa,6316,2026-06-11T19:00:00.000Z,2,0,5.89,77.0,0.0,0.0,1.0,12.0,15.0,0.0,,0.02,,3.0,30.0,0.0,2.0,0.0,2.0,,,0.0,,,0.0,0.0,,0.0,4.0,1.0,5.0,6.0,5.0,10.0,0.0,1.0,2.0,2.0
César Montes,664644,214125,6710,Mexico,False,"[{'title': 'Top stats', 'key': 'top_stats', 'stats': {'FotMob rating': {'key': 'rating_title', 'stat': {'value': 6.05, 'type': 'double'}}, 'Minutes played': {'key': 'minutes_played', 'stat': {'value': 90, 'type': 'integer'}}, 'Goals': {'key': 'goals', 'stat': {'value': 0, 'type': 'integer'}}, 'Assists': {'key': 'assists', 'stat': {'value': 0, 'type': 'integer'}}, 'Expected assists (xA)': {'key': 'expected_assists', 'stat': {'value': 0.01, 'type': 'double'}}, 'xG + xA': {'key': 'xg_and_xa', 'stat': {'value': 0.01, 'type': 'double'}}, 'Accurate passes': {'key': 'accurate_passes', 'stat': {'value': 60, 'total': 65, 'type': 'fractionWithPercentage'}}, 'Chances created': {'key': 'chances_created', 'stat': {'value': 0, 'type': 'integer'}}, 'Shotmap': {'key': None, 'stat': {'value': 0, 'type': 'boolean'}}, 'Defensive actions': {'key': 'defensive_actions', 'stat': {'value': 4, 'type': 'integer'}}}}, {'title': 'Attack', 'key': 'attack', 'stats': {'Touches': {'key': 'touches', 'stat': {'value': 73, 'type': 'integer'}}, 'Touches in opposition box': {'key': 'touches_opp_box', 'stat': {'value': 2, 'type': 'integer'}}, 'Passes into final third': {'key': 'passes_into_final_third', 'stat': {'value': 5, 'type': 'integer'}}, 'Accurate crosses': {'key': 'accurate_crosses', 'stat': {'value': 0, 'total': 1, 'type': 'fractionWithPercentage'}}, 'Accurate long balls': {'key': 'long_balls_accurate', 'stat': {'value': 3, 'total': 6, 'type': 'fractionWithPercentage'}}, 'Dispossessed': {'key': 'dispossessed', 'stat': {'value': 0, 'type': 'integer'}}}}, {'title': 'Defense', 'key': 'defense', 'stats': {'Defensive actions': {'key': 'defensive_actions', 'stat': {'value': 4, 'type': 'integer'}}, 'Tackles': {'key': 'matchstats.headers.tackles', 'stat': {'value': 0, 'type': 'integer'}}, 'Blocks': {'key': 'shot_blocks', 'stat': {'value': 0, 'type': 'integer'}}, 'Clearances': {'key': 'clearances', 'stat': {'value': 3, 'type': 'integer'}}, 'Headed clearance': {'key': 'headed_clearance', 'stat': {'value': 3, 'type': 'integer'}}, 'Interceptions': {'key': 'interceptions', 'stat': {'value': 1, 'type': 'integer'}}, 'Recoveries': {'key': 'recoveries', 'stat': {'value': 4, 'type': 'integer'}}, 'Dribbled past': {'key': 'dribbled_past', 'stat': {'value': 0, 'type': 'integer'}}}}, {'title': 'Duels', 'key': 'duels', 'stats': {'Ground duels won': {'key': 'ground_duels_won', 'stat': {'value': 1, 'total': 3, 'type': 'fractionWithPercentage'}}, 'Aerial duels won': {'key': 'aerials_won', 'stat': {'value': 2, 'total': 3, 'type': 'fractionWithPercentage'}}, 'Was fouled': {'key': 'was_fouled', 'stat': {'value': 1, 'type': 'integer'}}, 'Fouls committed': {'key': 'fouls', 'stat': {'value': 2, 'type': 'integer'}}, 'Duels won': {'key': 'duel_won', 'stat': {'value': 3, 'type': 'integer'}, 'hideInPopupCard': True}, 'Duels lost': {'key': 'duel_lost', 'stat': {'value': 3, 'type': 'integer'}, 'hideInPopupCard': True}}}]",3,1,34,4667751,1,Mexico,6710,South Africa,6316,2026-06-11T19:00:00.000Z,2,0,6.05,90.0,0.0,0.0,,60.0,65.0,0.0,0.01,0.01,,4.0,73.0,2.0,5.0,0.0,1.0,3.0,6.0,0.0,,,0.0,3.0,3.0,1.0,4.0,0.0,3.0,3.0,1.0,3.0,2.0,3.0,1.0,2.0
Nkosinathi Sibisi,716819,432187,6316,South Africa,False,"[{'title': 'Top stats', 'key': 'top_stats', 'stats': {'FotMob rating': {'key': 'rating_title', 'stat': {'value': 5.81, 'type': 'double'}}, 'Minutes played': {'key': 'minutes_played', 'stat': {'value': 90, 'type': 'integer'}}, 'Goals': {'key': 'goals', 'stat': {'value': 0, 'type': 'integer'}}, 'Assists': {'key': 'assists', 'stat': {'value': 0, 'type': 'integer'}}, 'Accurate passes': {'key': 'accurate_passes', 'stat': {'value': 41, 'total': 50, 'type': 'fractionWithPercentage'}}, 'Chances created': {'key': 'chances_created', 'stat': {'value': 0, 'type': 'integer'}}, 'Shotmap': {'key': None, 'stat': {'value': 0, 'type': 'boolean'}}, 'Defensive actions': {'key': 'defensive_actions', 'stat': {'value': 2, 'type': 'integer'}}}}, {'title': 'Attack', 'key': 'attack', 'stats': {'Touches': {'key': 'touches', 'stat': {'value': 57, 'type': 'integer'}}, 'Touches in opposition box': {'key': 'touches_opp_box', 'stat': {'value': 0, 'type': 'integer'}}, 'Passes into final third': {'key': 'passes_into_final_third', 'stat': {'value': 4, 'type': 'integer'}}, 'Accurate long balls': {'key': 'long_balls_accurate', 'stat': {'value': 3, 'total': 8, 'type': 'fractionWithPercentage'}}, 'Dispossessed': {'key': 'dispossessed', 'stat': {'value': 0, 'type': 'integer'}}}}, {'title': 'Defense', 'key': 'defense', 'stats': {'Defensive actions': {'key': 'defensive_actions', 'stat': {'value': 2, 'type': 'integer'}}, 'Tackles': {'key': 'matchstats.headers.tackles', 'stat': {'value': 0, 'type': 'integer'}}, 'Blocks': {'key': 'shot_blocks', 'stat': {'value': 0, 'type': 'integer'}}, 'Clearances': {'key': 'clearances', 'stat': {'value': 1, 'type': 'integer'}}, 'Headed clearance': {'key': 'headed_clearance', 'stat': {'value': 1, 'type': 'integer'}}, 'Interceptions': {'key': 'interceptions', 'stat': {'value': 1, 'type': 'integer'}}, 'Recoveries': {'key': 'recoveries', 'stat': {'value': 3, 'type': 'integer'}}, 'Dribbled past': {'key': 'dribbled_past', 'stat': {'value': 0, 'type': 'integer'}}}}, {'title': 'Duels', 'key': 'duels', 'stats': {'Ground duels won': {'key': 'ground_duels_won', 'stat': {'value': 0, 'total': 1, 'type': 'fractionWithPercentage'}}, 'Aerial duels won': {'key': 'aerials_won', 'stat': {'value': 0, 'total': 0, 'type': 'fractionWithPercentage'}}, 'Was fouled': {'key': 'was_fouled', 'stat': {'type': 'integer'}}, 'Fouls committed': {'key': 'fouls', 'stat': {'value': 1, 'type': 'integer'}}, 'Duels lost': {'key': 'duel_lost', 'stat': {'value': 1, 'type': 'integer'}, 'hideInPopupCard': True}}}]",19,1,33,4667751,1,Mexico,6710,South Africa,6316,2026-06-11T19:00:00.000Z,2,0,5.81,90.0,0.0,0.0,,41.0,50.0,0.0,,,,2.0,57.0,0.0,4.0,,,3.0,8.0,0.0,,,0.0,1.0,1.0,1.0,3.0,0.0,,1.0,0.0,1.0,0.0,0.0,,1.0
Julián Quiñones,720560,221766,6710,Mexico,False,"[{'title': 'Top stats', 'key': 'top_stats', 'stats': {'FotMob rating': {'key': 'rating_title', 'stat': {'value': 8.83, 'type': 'double'}}, 'Minutes played': {'key': 'minutes_played', 'stat': {'value': 79, 'type': 'integer'}}, 'Goals': {'key': 'goals', 'stat': {'value': 1, 'type': 'integer'}}, 'Assists': {'key': 'assists', 'stat': {'value': 0, 'type': 'integer'}}, 'Expected goals (xG)': {'key': 'expected_goals', 'stat': {'value': 0.37, 'type': 'double'}}, 'Expected goals on target (xGOT)': {'key': 'expected_goals_on_target_variant', 'stat': {'value': 0.13, 'type': 'double'}}, 'Expected assists (xA)': {'key': 'expected_assists', 'stat': {'value': 0.08, 'type': 'double'}}, 'xG + xA': {'key': 'xg_and_xa', 'stat': {'value': 0.45, 'type': 'double'}}, 'Total shots': {'key': 'total_shots', 'stat': {'value': 5, 'type': 'integer'}, 'hideInPopupCard': True}, 'Accurate passes': {'key': 'accurate_passes', 'stat': {'value': 28, 'total': 33, 'type': 'fractionWithPercentage'}}, 'Chances created': {'key': 'chances_created', 'stat': {'value': 2, 'type': 'integer'}}, 'Shots on target': {'key': 'ShotsOnTarget', 'stat': {'value': 2, 'type': 'integer'}}, 'Shots off target': {'key': 'ShotsOffTarget', 'stat': {'value': 2, 'type': 'integer'}}, 'Blocked shots': {'key': 'blocked_shots', 'stat': {'value': 1, 'type': 'integer'}}, 'Shot accuracy': {'key': 'shot_accuracy', 'stat': {'value': 2, 'total': 4, 'type': 'fractionWithPercentage'}}, 'Shotmap': {'key': None, 'stat': {'value': 1, 'type': 'boolean'}}, 'Defensive actions': {'key': 'defensive_actions', 'stat': {'value': 0, 'type': 'integer'}}}}, {'title': 'Attack', 'key': 'attack', 'stats': {'Hit woodwork': {'key': 'shots_woodwork', 'stat': {'value': 1, 'type': 'integer'}}, 'Touches': {'key': 'touches', 'stat': {'value': 49, 'type': 'integer'}}, 'Touches in opposition box': {'key': 'touches_opp_box', 'stat': {'value': 2, 'type': 'integer'}}, 'Successful dribbles': {'key': 'dribbles_succeeded', 'stat': {'value': 5, 'total': 6, 'type': 'fractionWithPercentage'}}, 'Passes into final third': {'key': 'passes_into_final_third', 'stat': {'value': 5, 'type': 'integer'}}, 'Accurate crosses': {'key': 'accurate_crosses', 'stat': {'value': 0, 'total': 1, 'type': 'fractionWithPercentage'}}, 'Accurate long balls': {'key': 'long_balls_accurate', 'stat': {'value': 2, 'total': 2, 'type': 'fractionWithPercentage'}}, 'Dispossessed': {'key': 'dispossessed', 'stat': {'value': 0, 'type': 'integer'}}, 'xG Non-penalty': {'key': 'expected_goals_non_penalty', 'stat': {'value': 0.37, 'type': 'double'}}}}, {'title': 'Defense', 'key': 'defense', 'stats': {'Defensive actions': {'key': 'defensive_actions', 'stat': {'value': 0, 'type': 'integer'}}, 'Tackles': {'key': 'matchstats.headers.tackles', 'stat': {'value': 0, 'type': 'integer'}}, 'Blocks': {'key': 'shot_blocks', 'stat': {'value': 0, 'type': 'integer'}}, 'Clearances': {'key': 'clearances', 'stat': {'value': 0, 'type': 'integer'}}, 'Interceptions': {'key': 'interceptions', 'stat': {'value': 0, 'type': 'integer'}}, 'Recoveries': {'key': 'recoveries', 'stat': {'value': 4, 'type': 'integer'}}, 'Dribbled past': {'key': 'dribbled_past', 'stat': {'value': 0, 'type': 'integer'}}}}, {'title': 'Duels', 'key': 'duels', 'stats': {'Ground duels won': {'key': 'ground_duels_won', 'stat': {'value': 7, 'total': 9, 'type': 'fractionWithPercentage'}}, 'Aerial duels won': {'key': 'aerials_won', 'stat': {'value': 0, 'total': 1, 'type': 'fractionWithPercentage'}}, 'Was fouled': {'key': 'was_fouled', 'stat': {'value': 2, 'type': 'integer'}}, 'Fouls committed': {'key': 'fouls', 'stat': {'value': 1, 'type': 'integer'}}, 'Duels won': {'key': 'duel_won', 'stat': {'value': 7, 'type': 'integer'}, 'hideInPopupCard': True}, 'Duels lost': {'key': 'duel_lost', 'stat': {'value': 3, 'type': 'integer'}, 'hideInPopupCard': True}}}]",16,3,88,4667751,1,Mexico,6710,South Africa,6316,2026-06-11T19:00:00.000Z,2,0,8.83,79.0,1.0,0.0,5.0,28.0,33.0,2.0,0.08,0.45,,0.0,49.0,2.0,5.0,0.0,1.0,2.0,2.0,0.0,,,0.0,0.0,,0.0,4.0,0.0,7.0,3.0,7.0,9.0,0.0,1.0,2.0,1.0
Roberto Alvarado,720737,214115,6710,Mexico,False,"[{'title': 'Top stats', 'key': 'top_stats', 'stats': {'FotMob rating': {'key': 'rating_title', 'stat': {'value': 8.2, 'type': 'double'}}, 'Minutes played': {'key': 'minutes_played', 'stat': {'value': 90, 'type': 'integer'}}, 'Goals': {'key': 'goals', 'stat': {'value': 0, 'type': 'integer'}}, 'Assists': {'key': 'assists', 'stat': {'value': 1, 'type': 'integer'}}, 'Expected assists (xA)': {'key': 'expected_assists', 'stat': {'value': 0.71, 'type': 'double'}}, 'xG + xA': {'key': 'xg_and_xa', 'stat': {'value': 0.71, 'type': 'double'}}, 'Accurate passes': {'key': 'accurate_passes', 'stat': {'value': 32, 'total': 35, 'type': 'fractionWithPercentage'}}, 'Chances created': {'key': 'chances_created', 'stat': {'value': 2, 'type': 'integer'}}, 'Big chances created': {'key': 'big_chance_created_team_title', 'stat': {'value': 1, 'type': 'integer'}}, 'Shotmap': {'key': None, 'stat': {'value': 0, 'type': 'boolean'}}, 'Defensive actions': {'key': 'defensive_actions', 'stat': {'value': 5, 'type': 'integer'}}}}, {'title': 'Attack', 'key': 'attack', 'stats': {'Touches': {'key': 'touches', 'stat': {'value': 52, 'type': 'integer'}}, 'Touches in opposition box': {'key': 'touches_opp_box', 'stat': {'value': 1, 'type': 'integer'}}, 'Successful dribbles': {'key': 'dribbles_succeeded', 'stat': {'value': 2, 'total': 2, 'type': 'fractionWithPercentage'}}, 'Passes into final third': {'key': 'passes_into_final_third', 'stat': {'value': 3, 'type': 'integer'}}, 'Accurate crosses': {'key': 'accurate_crosses', 'stat': {'value': 2, 'total': 4, 'type': 'fractionWithPercentage'}}, 'Accurate long balls': {'key': 'long_balls_accurate', 'stat': {'value': 2, 'total': 3, 'type': 'fractionWithPercentage'}}, 'Corners': {'key': 'corners', 'stat': {'value': 2, 'type': 'integer'}}, 'Dispossessed': {'key': 'dispossessed', 'stat': {'value': 2, 'type': 'integer'}}}}, {'title': 'Defense', 'key': 'defense', 'stats': {'Defensive actions': {'key': 'defensive_actions', 'stat': {'value': 5, 'type': 'integer'}}, 'Tackles': {'key': 'matchstats.headers.tackles', 'stat': {'value': 5, 'type': 'integer'}}, 'Blocks': {'key': 'shot_blocks', 'stat': {'value': 0, 'type': 'integer'}}, 'Clearances': {'key': 'clearances', 'stat': {'value': 0, 'type': 'integer'}}, 'Interceptions': {'key': 'interceptions', 'stat': {'value': 0, 'type': 'integer'}}, 'Recoveries': {'key': 'recoveries', 'stat': {'value': 6, 'type': 'integer'}}, 'Dribbled past': {'key': 'dribbled_past', 'stat': {'value': 1, 'type': 'integer'}}}}, {'title': 'Duels', 'key': 'duels', 'stats': {'Ground duels won': {'key': 'ground_duels_won', 'stat': {'value': 9, 'total': 14, 'type': 'fractionWithPercentage'}}, 'Aerial duels won': {'key': 'aerials_won', 'stat': {'value': 0, 'total': 0, 'type': 'fractionWithPercentage'}}, 'Was fouled': {'key': 'was_fouled', 'stat': {'value': 2, 'type': 'integer'}}, 'Fouls committed': {'key': 'fouls', 'stat': {'value': 2, 'type': 'integer'}}, 'Duels won': {'key': 'duel_won', 'stat': {'value': 9, 'type': 'integer'}, 'hideInPopupCard': True}, 'Duels lost': {'key': 'duel_lost', 'stat': {'value': 5, 'type': 'integer'}, 'hideInPopupCard': True}}}]",25,2,82,4667751,1,Mexico,6710,South Africa,6316,2026-06-11T19:00:00.000Z,2,0,8.2,90.0,0.0,1.0,,32.0,35.0,2.0,0.71,0.71,,5.0,52.0,1.0,3.0,2.0,4.0,2.0,3.0,2.0,,,0.0,0.0,,0.0,6.0,1.0,9.0,5.0,9.0,14.0,0.0,0.0,2.0,2.0
Jorge Sánchez,727586,223756,6710,Mexico,False,[],2,1,,4667751,1,Mexico,6710,South Africa,6316,2026-06-11T19:00:00.000Z,2,0,,,,,,,,,,,,,,,,,,,,,,,,,,,,,,,,,,,,
Alexis Vega,728365,217373,6710,Mexico,False,"[{'title': 'Top stats', 'key': 'top_stats', 'stats': {'FotMob rating': {'key': 'rating_title', 'stat': {'value': 5.99, 'type': 'double'}}, 'Minutes played': {'key': 'minutes_played', 'stat': {'value': 11, 'type': 'integer'}}, 'Goals': {'key': 'goals', 'stat': {'value': 0, 'type': 'integer'}}, 'Assists': {'key': 'assists', 'stat': {'value': 0, 'type': 'integer'}}, 'Expected assists (xA)': {'key': 'expected_assists', 'stat': {'value': 0.01, 'type': 'double'}}, 'xG + xA': {'key': 'xg_and_xa', 'stat': {'value': 0.01, 'type': 'double'}}, 'Accurate passes': {'key': 'accurate_passes', 'stat': {'value': 10, 'total': 10, 'type': 'fractionWithPercentage'}}, 'Chances created': {'key': 'chances_created', 'stat': {'value': 0, 'type': 'integer'}}, 'Shotmap': {'key': None, 'stat': {'value': 0, 'type': 'boolean'}}, 'Defensive actions': {'key': 'defensive_actions', 'stat': {'value': 0, 'type': 'integer'}}}}, {'title': 'Attack', 'key': 'attack', 'stats': {'Touches': {'key': 'touches', 'stat': {'value': 14, 'type': 'integer'}}, 'Touches in opposition box': {'key': 'touches_opp_box', 'stat': {'value': 0, 'type': 'integer'}}, 'Passes into final third': {'key': 'passes_into_final_third', 'stat': {'value': 2, 'type': 'integer'}}, 'Accurate crosses': {'key': 'accurate_crosses', 'stat': {'value': 0, 'total': 1, 'type': 'fractionWithPercentage'}}, 'Dispossessed': {'key': 'dispossessed', 'stat': {'value': 1, 'type': 'integer'}}}}, {'title': 'Defense', 'key': 'defense', 'stats': {'Defensive actions': {'key': 'defensive_actions', 'stat': {'value': 0, 'type': 'integer'}}, 'Tackles': {'key': 'matchstats.headers.tackles', 'stat': {'value': 0, 'type': 'integer'}}, 'Blocks': {'key': 'shot_blocks', 'stat': {'value': 0, 'type': 'integer'}}, 'Clearances': {'key': 'clearances', 'stat': {'value': 0, 'type': 'integer'}}, 'Interceptions': {'key': 'interceptions', 'stat': {'value': 0, 'type': 'integer'}}, 'Recoveries': {'key': 'recoveries', 'stat': {'value': 1, 'type': 'integer'}}, 'Dribbled past': {'key': 'dribbled_past', 'stat': {'value': 0, 'type': 'integer'}}}}, {'title': 'Duels', 'key': 'duels', 'stats': {'Ground duels won': {'key': 'ground_duels_won', 'stat': {'value': 0, 'total': 1, 'type': 'fractionWithPercentage'}}, 'Aerial duels won': {'key': 'aerials_won', 'stat': {'value': 0, 'total': 0, 'type': 'fractionWithPercentage'}}, 'Was fouled': {'key': 'was_fouled', 'stat': {'type': 'integer'}}, 'Fouls committed': {'key': 'fouls', 'stat': {'value': 0, 'type': 'integer'}}, 'Duels lost': {'key': 'duel_lost', 'stat': {'value': 1, 'type': 'integer'}, 'hideInPopupCard': True}}}]",10,3,,4667751,1,Mexico,6710,South Africa,6316,2026-06-11T19:00:00.000Z,2,0,5.99,11.0,0.0,0.0,,10.0,10.0,0.0,0.01,0.01,,0.0,14.0,0.0,2.0,0.0,1.0,,,1.0,,,0.0,0.0,,0.0,1.0,0.0,,1.0,0.0,1.0,0.0,0.0,,0.0
Carlos Acevedo,751164,227257,6710,Mexico,True,[],12,0,,4667751,1,Mexico,6710,South Africa,6316,2026-06-11T19:00:00.000Z,2,0,,,,,,,,,,,,,,,,,,,,,,,,,,,,,,,,,,,,
Edson Álvarez,783505,213999,6710,Mexico,False,"[{'title': 'Top stats', 'key': 'top_stats', 'stats': {'FotMob rating': {'key': 'rating_title', 'stat': {'value': 6.61, 'type': 'double'}}, 'Minutes played': {'key': 'minutes_played', 'stat': {'value': 14, 'type': 'integer'}}, 'Goals': {'key': 'goals', 'stat': {'value': 0, 'type': 'integer'}}, 'Assists': {'key': 'assists', 'stat': {'value': 0, 'type': 'integer'}}, 'Expected assists (xA)': {'key': 'expected_assists', 'stat': {'value': 0.01, 'type': 'double'}}, 'xG + xA': {'key': 'xg_and_xa', 'stat': {'value': 0.01, 'type': 'double'}}, 'Accurate passes': {'key': 'accurate_passes', 'stat': {'value': 14, 'total': 15, 'type': 'fractionWithPercentage'}}, 'Chances created': {'key': 'chances_created', 'stat': {'value': 0, 'type': 'integer'}}, 'Shotmap': {'key': None, 'stat': {'value': 0, 'type': 'boolean'}}, 'Defensive actions': {'key': 'defensive_actions', 'stat': {'value': 1, 'type': 'integer'}}}}, {'title': 'Attack', 'key': 'attack', 'stats': {'Touches': {'key': 'touches', 'stat': {'value': 17, 'type': 'integer'}}, 'Touches in opposition box': {'key': 'touches_opp_box', 'stat': {'value': 0, 'type': 'integer'}}, 'Passes into final third': {'key': 'passes_into_final_third', 'stat': {'value': 6, 'type': 'integer'}}, 'Accurate long balls': {'key': 'long_balls_accurate', 'stat': {'value': 1, 'total': 1, 'type': 'fractionWithPercentage'}}, 'Dispossessed': {'key': 'dispossessed', 'stat': {'value': 0, 'type': 'integer'}}}}, {'title': 'Defense', 'key': 'defense', 'stats': {'Defensive actions': {'key': 'defensive_actions', 'stat': {'value': 1, 'type': 'integer'}}, 'Tackles': {'key': 'matchstats.headers.tackles', 'stat': {'value': 1, 'type': 'integer'}}, 'Blocks': {'key': 'shot_blocks', 'stat': {'value': 0, 'type': 'integer'}}, 'Clearances': {'key': 'clearances', 'stat': {'value': 0, 'type': 'integer'}}, 'Interceptions': {'key': 'interceptions', 'stat': {'value': 0, 'type': 'integer'}}, 'Recoveries': {'key': 'recoveries', 'stat': {'value': 1, 'type': 'integer'}}, 'Dribbled past': {'key': 'dribbled_past', 'stat': {'value': 0, 'type': 'integer'}}}}, {'title': 'Duels', 'key': 'duels', 'stats': {'Ground duels won': {'key': 'ground_duels_won', 'stat': {'value': 2, 'total': 2, 'type': 'fractionWithPercentage'}}, 'Aerial duels won': {'key': 'aerials_won', 'stat': {'value': 0, 'total': 0, 'type': 'fractionWithPercentage'}}, 'Was fouled': {'key': 'was_fouled', 'stat': {'value': 1, 'type': 'integer'}}, 'Fouls committed': {'key': 'fouls', 'stat': {'value': 0, 'type': 'integer'}}, 'Duels won': {'key': 'duel_won', 'stat': {'value': 2, 'type': 'integer'}, 'hideInPopupCard': True}}}]",4,2,,4667751,1,Mexico,6710,South Africa,6316,2026-06-11T19:00:00.000Z,2,0,6.61,14.0,0.0,0.0,,14.0,15.0,0.0,0.01,0.01,,1.0,17.0,0.0,6.0,,,1.0,1.0,0.0,,,0.0,0.0,,0.0,1.0,0.0,2.0,,2.0,2.0,0.0,0.0,1.0,0.0
Sipho Chaine,787099,433373,6316,South Africa,True,[],16,0,,4667751,1,Mexico,6710,South Africa,6316,2026-06-11T19:00:00.000Z,2,0,,,,,,,,,,,,,,,,,,,,,,,,,,,,,,,,,,,,
Teboho Mokoena,848361,422699,6316,South Africa,False,"[{'title': 'Top stats', 'key': 'top_stats', 'stats': {'FotMob rating': {'key': 'rating_title', 'stat': {'value': 6.51, 'type': 'double'}}, 'Minutes played': {'key': 'minutes_played', 'stat': {'value': 90, 'type': 'integer'}}, 'Goals': {'key': 'goals', 'stat': {'value': 0, 'type': 'integer'}}, 'Assists': {'key': 'assists', 'stat': {'value': 0, 'type': 'integer'}}, 'Expected assists (xA)': {'key': 'expected_assists', 'stat': {'value': 0.01, 'type': 'double'}}, 'xG + xA': {'key': 'xg_and_xa', 'stat': {'value': 0.01, 'type': 'double'}}, 'Accurate passes': {'key': 'accurate_passes', 'stat': {'value': 39, 'total': 42, 'type': 'fractionWithPercentage'}}, 'Chances created': {'key': 'chances_created', 'stat': {'value': 1, 'type': 'integer'}}, 'Shotmap': {'key': None, 'stat': {'value': 0, 'type': 'boolean'}}, 'Defensive actions': {'key': 'defensive_actions', 'stat': {'value': 3, 'type': 'integer'}}}}, {'title': 'Attack', 'key': 'attack', 'stats': {'Touches': {'key': 'touches', 'stat': {'value': 55, 'type': 'integer'}}, 'Touches in opposition box': {'key': 'touches_opp_box', 'stat': {'value': 0, 'type': 'integer'}}, 'Passes into final third': {'key': 'passes_into_final_third', 'stat': {'value': 5, 'type': 'integer'}}, 'Accurate crosses': {'key': 'accurate_crosses', 'stat': {'value': 0, 'total': 2, 'type': 'fractionWithPercentage'}}, 'Accurate long balls': {'key': 'long_balls_accurate', 'stat': {'value': 1, 'total': 2, 'type': 'fractionWithPercentage'}}, 'Dispossessed': {'key': 'dispossessed', 'stat': {'value': 0, 'type': 'integer'}}}}, {'title': 'Defense', 'key': 'defense', 'stats': {'Defensive actions': {'key': 'defensive_actions', 'stat': {'value': 3, 'type': 'integer'}}, 'Tackles': {'key': 'matchstats.headers.tackles', 'stat': {'value': 0, 'type': 'integer'}}, 'Blocks': {'key': 'shot_blocks', 'stat': {'value': 0, 'type': 'integer'}}, 'Clearances': {'key': 'clearances', 'stat': {'value': 1, 'type': 'integer'}}, 'Interceptions': {'key': 'interceptions', 'stat': {'value': 2, 'type': 'integer'}}, 'Recoveries': {'key': 'recoveries', 'stat': {'value': 4, 'type': 'integer'}}, 'Dribbled past': {'key': 'dribbled_past', 'stat': {'value': 2, 'type': 'integer'}}}}, {'title': 'Duels', 'key': 'duels', 'stats': {'Ground duels won': {'key': 'ground_duels_won', 'stat': {'value': 2, 'total': 5, 'type': 'fractionWithPercentage'}}, 'Aerial duels won': {'key': 'aerials_won', 'stat': {'value': 2, 'total': 2, 'type': 'fractionWithPercentage'}}, 'Was fouled': {'key': 'was_fouled', 'stat': {'value': 2, 'type': 'integer'}}, 'Fouls committed': {'key': 'fouls', 'stat': {'value': 1, 'type': 'integer'}}, 'Duels won': {'key': 'duel_won', 'stat': {'value': 4, 'type': 'integer'}, 'hideInPopupCard': True}, 'Duels lost': {'key': 'duel_lost', 'stat': {'value': 3, 'type': 'integer'}, 'hideInPopupCard': True}}}]",4,2,73,4667751,1,Mexico,6710,South Africa,6316,2026-06-11T19:00:00.000Z,2,0,6.51,90.0,0.0,0.0,,39.0,42.0,1.0,0.01,0.01,,3.0,55.0,0.0,5.0,0.0,2.0,1.0,2.0,0.0,,,0.0,1.0,,2.0,4.0,2.0,4.0,3.0,2.0,5.0,2.0,2.0,2.0,1.0
Lyle Foster,881500,435973,6316,South Africa,False,"[{'title': 'Top stats', 'key': 'top_stats', 'stats': {'FotMob rating': {'key': 'rating_title', 'stat': {'value': 5.55, 'type': 'double'}}, 'Minutes played': {'key': 'minutes_played', 'stat': {'value': 56, 'type': 'integer'}}, 'Goals': {'key': 'goals', 'stat': {'value': 0, 'type': 'integer'}}, 'Assists': {'key': 'assists', 'stat': {'value': 0, 'type': 'integer'}}, 'Expected goals (xG)': {'key': 'expected_goals', 'stat': {'value': 0.04, 'type': 'double'}}, 'Expected goals on target (xGOT)': {'key': 'expected_goals_on_target_variant', 'stat': {'type': 'double'}}, 'xG + xA': {'key': 'xg_and_xa', 'stat': {'value': 0.04, 'type': 'double'}}, 'Total shots': {'key': 'total_shots', 'stat': {'value': 1, 'type': 'integer'}, 'hideInPopupCard': True}, 'Accurate passes': {'key': 'accurate_passes', 'stat': {'value': 1, 'total': 5, 'type': 'fractionWithPercentage'}}, 'Chances created': {'key': 'chances_created', 'stat': {'value': 0, 'type': 'integer'}}, 'Shots on target': {'key': 'ShotsOnTarget', 'stat': {'value': 0, 'type': 'integer'}}, 'Shots off target': {'key': 'ShotsOffTarget', 'stat': {'value': 1, 'type': 'integer'}}, 'Shot accuracy': {'key': 'shot_accuracy', 'stat': {'value': 0, 'total': 1, 'type': 'fractionWithPercentage'}}, 'Shotmap': {'key': None, 'stat': {'value': 1, 'type': 'boolean'}}, 'Defensive actions': {'key': 'defensive_actions', 'stat': {'value': 0, 'type': 'integer'}}}}, {'title': 'Attack', 'key': 'attack', 'stats': {'Touches': {'key': 'touches', 'stat': {'value': 11, 'type': 'integer'}}, 'Touches in opposition box': {'key': 'touches_opp_box', 'stat': {'value': 2, 'type': 'integer'}}, 'Successful dribbles': {'key': 'dribbles_succeeded', 'stat': {'value': 0, 'total': 1, 'type': 'fractionWithPercentage'}}, 'Accurate long balls': {'key': 'long_balls_accurate', 'stat': {'value': 0, 'total': 1, 'type': 'fractionWithPercentage'}}, 'Dispossessed': {'key': 'dispossessed', 'stat': {'value': 0, 'type': 'integer'}}, 'xG Non-penalty': {'key': 'expected_goals_non_penalty', 'stat': {'value': 0.04, 'type': 'double'}}}}, {'title': 'Defense', 'key': 'defense', 'stats': {'Defensive actions': {'key': 'defensive_actions', 'stat': {'value': 0, 'type': 'integer'}}, 'Tackles': {'key': 'matchstats.headers.tackles', 'stat': {'value': 0, 'type': 'integer'}}, 'Blocks': {'key': 'shot_blocks', 'stat': {'value': 0, 'type': 'integer'}}, 'Clearances': {'key': 'clearances', 'stat': {'value': 0, 'type': 'integer'}}, 'Interceptions': {'key': 'interceptions', 'stat': {'value': 0, 'type': 'integer'}}, 'Recoveries': {'key': 'recoveries', 'stat': {'value': 0, 'type': 'integer'}}, 'Dribbled past': {'key': 'dribbled_past', 'stat': {'value': 1, 'type': 'integer'}}}}, {'title': 'Duels', 'key': 'duels', 'stats': {'Ground duels won': {'key': 'ground_duels_won', 'stat': {'value': 1, 'total': 3, 'type': 'fractionWithPercentage'}}, 'Aerial duels won': {'key': 'aerials_won', 'stat': {'value': 0, 'total': 4, 'type': 'fractionWithPercentage'}}, 'Was fouled': {'key': 'was_fouled', 'stat': {'value': 1, 'type': 'integer'}}, 'Fouls committed': {'key': 'fouls', 'stat': {'value': 0, 'type': 'integer'}}, 'Duels won': {'key': 'duel_won', 'stat': {'value': 1, 'type': 'integer'}, 'hideInPopupCard': True}, 'Duels lost': {'key': 'duel_lost', 'stat': {'value': 6, 'type': 'integer'}, 'hideInPopupCard': True}}}]",9,3,106,4667751,1,Mexico,6710,South Africa,6316,2026-06-11T19:00:00.000Z,2,0,5.55,56.0,0.0,0.0,1.0,1.0,5.0,0.0,,0.04,,0.0,11.0,2.0,,,,0.0,1.0,0.0,,,0.0,0.0,,0.0,0.0,1.0,1.0,6.0,1.0,3.0,0.0,4.0,1.0,0.0
Álvaro Fidalgo,895954,223761,6710,Mexico,False,"[{'title': 'Top stats', 'key': 'top_stats', 'stats': {'FotMob rating': {'key': 'rating_title', 'stat': {'value': 7.24, 'type': 'double'}}, 'Minutes played': {'key': 'minutes_played', 'stat': {'value': 66, 'type': 'integer'}}, 'Goals': {'key': 'goals', 'stat': {'value': 0, 'type': 'integer'}}, 'Assists': {'key': 'assists', 'stat': {'value': 0, 'type': 'integer'}}, 'Expected assists (xA)': {'key': 'expected_assists', 'stat': {'value': 0.01, 'type': 'double'}}, 'xG + xA': {'key': 'xg_and_xa', 'stat': {'value': 0.01, 'type': 'double'}}, 'Accurate passes': {'key': 'accurate_passes', 'stat': {'value': 30, 'total': 34, 'type': 'fractionWithPercentage'}}, 'Chances created': {'key': 'chances_created', 'stat': {'value': 1, 'type': 'integer'}}, 'Shotmap': {'key': None, 'stat': {'value': 0, 'type': 'boolean'}}, 'Defensive actions': {'key': 'defensive_actions', 'stat': {'value': 0, 'type': 'integer'}}}}, {'title': 'Attack', 'key': 'attack', 'stats': {'Touches': {'key': 'touches', 'stat': {'value': 38, 'type': 'integer'}}, 'Touches in opposition box': {'key': 'touches_opp_box', 'stat': {'value': 2, 'type': 'integer'}}, 'Successful dribbles': {'key': 'dribbles_succeeded', 'stat': {'value': 1, 'total': 1, 'type': 'fractionWithPercentage'}}, 'Passes into final third': {'key': 'passes_into_final_third', 'stat': {'value': 3, 'type': 'integer'}}, 'Accurate long balls': {'key': 'long_balls_accurate', 'stat': {'value': 0, 'total': 1, 'type': 'fractionWithPercentage'}}, 'Dispossessed': {'key': 'dispossessed', 'stat': {'value': 0, 'type': 'integer'}}}}, {'title': 'Defense', 'key': 'defense', 'stats': {'Defensive actions': {'key': 'defensive_actions', 'stat': {'value': 0, 'type': 'integer'}}, 'Tackles': {'key': 'matchstats.headers.tackles', 'stat': {'value': 0, 'type': 'integer'}}, 'Blocks': {'key': 'shot_blocks', 'stat': {'value': 0, 'type': 'integer'}}, 'Clearances': {'key': 'clearances', 'stat': {'value': 0, 'type': 'integer'}}, 'Interceptions': {'key': 'interceptions', 'stat': {'value': 0, 'type': 'integer'}}, 'Recoveries': {'key': 'recoveries', 'stat': {'value': 5, 'type': 'integer'}}, 'Dribbled past': {'key': 'dribbled_past', 'stat': {'value': 0, 'type': 'integer'}}}}, {'title': 'Duels', 'key': 'duels', 'stats': {'Ground duels won': {'key': 'ground_duels_won', 'stat': {'value': 3, 'total': 3, 'type': 'fractionWithPercentage'}}, 'Aerial duels won': {'key': 'aerials_won', 'stat': {'value': 0, 'total': 0, 'type': 'fractionWithPercentage'}}, 'Was fouled': {'key': 'was_fouled', 'stat': {'value': 2, 'type': 'integer'}}, 'Fouls committed': {'key': 'fouls', 'stat': {'value': 0, 'type': 'integer'}}, 'Duels won': {'key': 'duel_won', 'stat': {'value': 3, 'type': 'integer'}, 'hideInPopupCard': True}}}]",8,2,86,4667751,1,Mexico,6710,South Africa,6316,2026-06-11T19:00:00.000Z,2,0,7.24,66.0,0.0,0.0,,30.0,34.0,1.0,0.01,0.01,,0.0,38.0,2.0,3.0,,,0.0,1.0,0.0,,,0.0,0.0,,0.0,5.0,0.0,3.0,,3.0,3.0,0.0,0.0,2.0,0.0
Johan Vásquez,914103,431026,6710,Mexico,False,"[{'title': 'Top stats', 'key': 'top_stats', 'stats': {'FotMob rating': {'key': 'rating_title', 'stat': {'value': 7.16, 'type': 'double'}}, 'Minutes played': {'key': 'minutes_played', 'stat': {'value': 90, 'type': 'integer'}}, 'Goals': {'key': 'goals', 'stat': {'value': 0, 'type': 'integer'}}, 'Assists': {'key': 'assists', 'stat': {'value': 0, 'type': 'integer'}}, 'Accurate passes': {'key': 'accurate_passes', 'stat': {'value': 75, 'total': 81, 'type': 'fractionWithPercentage'}}, 'Chances created': {'key': 'chances_created', 'stat': {'value': 0, 'type': 'integer'}}, 'Shotmap': {'key': None, 'stat': {'value': 0, 'type': 'boolean'}}, 'Defensive actions': {'key': 'defensive_actions', 'stat': {'value': 5, 'type': 'integer'}}}}, {'title': 'Attack', 'key': 'attack', 'stats': {'Touches': {'key': 'touches', 'stat': {'value': 88, 'type': 'integer'}}, 'Touches in opposition box': {'key': 'touches_opp_box', 'stat': {'value': 0, 'type': 'integer'}}, 'Passes into final third': {'key': 'passes_into_final_third', 'stat': {'value': 1, 'type': 'integer'}}, 'Accurate long balls': {'key': 'long_balls_accurate', 'stat': {'value': 0, 'total': 4, 'type': 'fractionWithPercentage'}}, 'Dispossessed': {'key': 'dispossessed', 'stat': {'value': 0, 'type': 'integer'}}}}, {'title': 'Defense', 'key': 'defense', 'stats': {'Defensive actions': {'key': 'defensive_actions', 'stat': {'value': 5, 'type': 'integer'}}, 'Tackles': {'key': 'matchstats.headers.tackles', 'stat': {'value': 1, 'type': 'integer'}}, 'Blocks': {'key': 'shot_blocks', 'stat': {'value': 0, 'type': 'integer'}}, 'Clearances': {'key': 'clearances', 'stat': {'value': 3, 'type': 'integer'}}, 'Headed clearance': {'key': 'headed_clearance', 'stat': {'value': 3, 'type': 'integer'}}, 'Interceptions': {'key': 'interceptions', 'stat': {'value': 1, 'type': 'integer'}}, 'Recoveries': {'key': 'recoveries', 'stat': {'value': 1, 'type': 'integer'}}, 'Dribbled past': {'key': 'dribbled_past', 'stat': {'value': 0, 'type': 'integer'}}}}, {'title': 'Duels', 'key': 'duels', 'stats': {'Ground duels won': {'key': 'ground_duels_won', 'stat': {'value': 1, 'total': 1, 'type': 'fractionWithPercentage'}}, 'Aerial duels won': {'key': 'aerials_won', 'stat': {'value': 3, 'total': 5, 'type': 'fractionWithPercentage'}}, 'Was fouled': {'key': 'was_fouled', 'stat': {'type': 'integer'}}, 'Fouls committed': {'key': 'fouls', 'stat': {'value': 0, 'type': 'integer'}}, 'Duels won': {'key': 'duel_won', 'stat': {'value': 4, 'type': 'integer'}, 'hideInPopupCard': True}, 'Duels lost': {'key': 'duel_lost', 'stat': {'value': 2, 'type': 'integer'}, 'hideInPopupCard': True}}}]",5,1,36,4667751,1,Mexico,6710,South Africa,6316,2026-06-11T19:00:00.000Z,2,0,7.16,90.0,0.0,0.0,,75.0,81.0,0.0,,,,5.0,88.0,0.0,1.0,,,0.0,4.0,0.0,,,0.0,3.0,3.0,1.0,1.0,0.0,4.0,2.0,1.0,1.0,3.0,5.0,,0.0
Luis Romo,921174,234788,6710,Mexico,False,[],7,1,,4667751,1,Mexico,6710,South Africa,6316,2026-06-11T19:00:00.000Z,2,0,,,,,,,,,,,,,,,,,,,,,,,,,,,,,,,,,,,,
Khuliso Mudau,940010,441890,6316,South Africa,False,"[{'title': 'Top stats', 'key': 'top_stats', 'stats': {'FotMob rating': {'key': 'rating_title', 'stat': {'value': 6.53, 'type': 'double'}}, 'Minutes played': {'key': 'minutes_played', 'stat': {'value': 90, 'type': 'integer'}}, 'Goals': {'key': 'goals', 'stat': {'value': 0, 'type': 'integer'}}, 'Assists': {'key': 'assists', 'stat': {'value': 0, 'type': 'integer'}}, 'Expected assists (xA)': {'key': 'expected_assists', 'stat': {'value': 0.01, 'type': 'double'}}, 'xG + xA': {'key': 'xg_and_xa', 'stat': {'value': 0.01, 'type': 'double'}}, 'Accurate passes': {'key': 'accurate_passes', 'stat': {'value': 25, 'total': 29, 'type': 'fractionWithPercentage'}}, 'Chances created': {'key': 'chances_created', 'stat': {'value': 0, 'type': 'integer'}}, 'Shotmap': {'key': None, 'stat': {'value': 0, 'type': 'boolean'}}, 'Defensive actions': {'key': 'defensive_actions', 'stat': {'value': 7, 'type': 'integer'}}}}, {'title': 'Attack', 'key': 'attack', 'stats': {'Touches': {'key': 'touches', 'stat': {'value': 45, 'type': 'integer'}}, 'Touches in opposition box': {'key': 'touches_opp_box', 'stat': {'value': 0, 'type': 'integer'}}, 'Passes into final third': {'key': 'passes_into_final_third', 'stat': {'value': 2, 'type': 'integer'}}, 'Accurate crosses': {'key': 'accurate_crosses', 'stat': {'value': 0, 'total': 1, 'type': 'fractionWithPercentage'}}, 'Accurate long balls': {'key': 'long_balls_accurate', 'stat': {'value': 0, 'total': 2, 'type': 'fractionWithPercentage'}}, 'Dispossessed': {'key': 'dispossessed', 'stat': {'value': 0, 'type': 'integer'}}}}, {'title': 'Defense', 'key': 'defense', 'stats': {'Defensive actions': {'key': 'defensive_actions', 'stat': {'value': 7, 'type': 'integer'}}, 'Tackles': {'key': 'matchstats.headers.tackles', 'stat': {'value': 4, 'type': 'integer'}}, 'Blocks': {'key': 'shot_blocks', 'stat': {'value': 0, 'type': 'integer'}}, 'Clearances': {'key': 'clearances', 'stat': {'value': 2, 'type': 'integer'}}, 'Headed clearance': {'key': 'headed_clearance', 'stat': {'value': 2, 'type': 'integer'}}, 'Interceptions': {'key': 'interceptions', 'stat': {'value': 1, 'type': 'integer'}}, 'Recoveries': {'key': 'recoveries', 'stat': {'value': 4, 'type': 'integer'}}, 'Dribbled past': {'key': 'dribbled_past', 'stat': {'value': 1, 'type': 'integer'}}}}, {'title': 'Duels', 'key': 'duels', 'stats': {'Ground duels won': {'key': 'ground_duels_won', 'stat': {'value': 7, 'total': 10, 'type': 'fractionWithPercentage'}}, 'Aerial duels won': {'key': 'aerials_won', 'stat': {'value': 0, 'total': 1, 'type': 'fractionWithPercentage'}}, 'Was fouled': {'key': 'was_fouled', 'stat': {'value': 3, 'type': 'integer'}}, 'Fouls committed': {'key': 'fouls', 'stat': {'value': 2, 'type': 'integer'}}, 'Duels won': {'key': 'duel_won', 'stat': {'value': 7, 'type': 'integer'}, 'hideInPopupCard': True}, 'Duels lost': {'key': 'duel_lost', 'stat': {'value': 4, 'type': 'integer'}, 'hideInPopupCard': True}}}]",20,1,51,4667751,1,Mexico,6710,South Africa,6316,2026-06-11T19:00:00.000Z,2,0,6.53,90.0,0.0,0.0,,25.0,29.0,0.0,0.01,0.01,,7.0,45.0,0.0,2.0,0.0,1.0,0.0,2.0,0.0,,,0.0,2.0,2.0,1.0,4.0,1.0,7.0,4.0,7.0,10.0,0.0,1.0,3.0,2.0
Santiago Giménez,954092,432234,6710,Mexico,False,[],11,3,,4667751,1,Mexico,6710,South Africa,6316,2026-06-11T19:00:00.000Z,2,0,,,,,,,,,,,,,,,,,,,,,,,,,,,,,,,,,,,,
Érik Lira,971628,460156,6710,Mexico,False,"[{'title': 'Top stats', 'key': 'top_stats', 'stats': {'FotMob rating': {'key': 'rating_title', 'stat': {'value': 7.92, 'type': 'double'}}, 'Minutes played': {'key': 'minutes_played', 'stat': {'value': 76, 'type': 'integer'}}, 'Goals': {'key': 'goals', 'stat': {'value': 0, 'type': 'integer'}}, 'Assists': {'key': 'assists', 'stat': {'value': 1, 'type': 'integer'}}, 'Accurate passes': {'key': 'accurate_passes', 'stat': {'value': 42, 'total': 45, 'type': 'fractionWithPercentage'}}, 'Chances created': {'key': 'chances_created', 'stat': {'value': 1, 'type': 'integer'}}, 'Big chances created': {'key': 'big_chance_created_team_title', 'stat': {'value': 1, 'type': 'integer'}}, 'Shotmap': {'key': None, 'stat': {'value': 0, 'type': 'boolean'}}, 'Defensive actions': {'key': 'defensive_actions', 'stat': {'value': 4, 'type': 'integer'}}}}, {'title': 'Attack', 'key': 'attack', 'stats': {'Touches': {'key': 'touches', 'stat': {'value': 51, 'type': 'integer'}}, 'Touches in opposition box': {'key': 'touches_opp_box', 'stat': {'value': 0, 'type': 'integer'}}, 'Passes into final third': {'key': 'passes_into_final_third', 'stat': {'value': 1, 'type': 'integer'}}, 'Accurate long balls': {'key': 'long_balls_accurate', 'stat': {'value': 4, 'total': 5, 'type': 'fractionWithPercentage'}}, 'Dispossessed': {'key': 'dispossessed', 'stat': {'value': 0, 'type': 'integer'}}}}, {'title': 'Defense', 'key': 'defense', 'stats': {'Defensive actions': {'key': 'defensive_actions', 'stat': {'value': 4, 'type': 'integer'}}, 'Tackles': {'key': 'matchstats.headers.tackles', 'stat': {'value': 2, 'type': 'integer'}}, 'Blocks': {'key': 'shot_blocks', 'stat': {'value': 0, 'type': 'integer'}}, 'Clearances': {'key': 'clearances', 'stat': {'value': 1, 'type': 'integer'}}, 'Interceptions': {'key': 'interceptions', 'stat': {'value': 1, 'type': 'integer'}}, 'Recoveries': {'key': 'recoveries', 'stat': {'value': 0, 'type': 'integer'}}, 'Dribbled past': {'key': 'dribbled_past', 'stat': {'value': 0, 'type': 'integer'}}}}, {'title': 'Duels', 'key': 'duels', 'stats': {'Ground duels won': {'key': 'ground_duels_won', 'stat': {'value': 4, 'total': 4, 'type': 'fractionWithPercentage'}}, 'Aerial duels won': {'key': 'aerials_won', 'stat': {'value': 1, 'total': 1, 'type': 'fractionWithPercentage'}}, 'Was fouled': {'key': 'was_fouled', 'stat': {'value': 2, 'type': 'integer'}}, 'Fouls committed': {'key': 'fouls', 'stat': {'value': 0, 'type': 'integer'}}, 'Duels won': {'key': 'duel_won', 'stat': {'value': 5, 'type': 'integer'}, 'hideInPopupCard': True}}}]",6,1,65,4667751,1,Mexico,6710,South Africa,6316,2026-06-11T19:00:00.000Z,2,0,7.92,76.0,0.0,1.0,,42.0,45.0,1.0,,,,4.0,51.0,0.0,1.0,,,4.0,5.0,0.0,,,0.0,1.0,,1.0,0.0,0.0,5.0,,4.0,4.0,1.0,1.0,2.0,0.0
César Huerta,977404,250456,6710,Mexico,False,[],21,3,,4667751,1,Mexico,6710,South Africa,6316,2026-06-11T19:00:00.000Z,2,0,,,,,,,,,,,,,,,,,,,,,,,,,,,,,,,,,,,,
Oswin Appollis,1054166,484804,6316,South Africa,False,"[{'title': 'Top stats', 'key': 'top_stats', 'stats': {'FotMob rating': {'key': 'rating_title', 'stat': {'value': 6.25, 'type': 'double'}}, 'Minutes played': {'key': 'minutes_played', 'stat': {'value': 13, 'type': 'integer'}}, 'Goals': {'key': 'goals', 'stat': {'value': 0, 'type': 'integer'}}, 'Assists': {'key': 'assists', 'stat': {'value': 0, 'type': 'integer'}}, 'Accurate passes': {'key': 'accurate_passes', 'stat': {'value': 5, 'total': 6, 'type': 'fractionWithPercentage'}}, 'Chances created': {'key': 'chances_created', 'stat': {'value': 0, 'type': 'integer'}}, 'Shotmap': {'key': None, 'stat': {'value': 0, 'type': 'boolean'}}, 'Defensive actions': {'key': 'defensive_actions', 'stat': {'value': 1, 'type': 'integer'}}}}, {'title': 'Attack', 'key': 'attack', 'stats': {'Touches': {'key': 'touches', 'stat': {'value': 8, 'type': 'integer'}}, 'Touches in opposition box': {'key': 'touches_opp_box', 'stat': {'value': 0, 'type': 'integer'}}, 'Accurate long balls': {'key': 'long_balls_accurate', 'stat': {'value': 0, 'total': 1, 'type': 'fractionWithPercentage'}}, 'Dispossessed': {'key': 'dispossessed', 'stat': {'value': 0, 'type': 'integer'}}}}, {'title': 'Defense', 'key': 'defense', 'stats': {'Defensive actions': {'key': 'defensive_actions', 'stat': {'value': 1, 'type': 'integer'}}, 'Tackles': {'key': 'matchstats.headers.tackles', 'stat': {'value': 1, 'type': 'integer'}}, 'Blocks': {'key': 'shot_blocks', 'stat': {'value': 0, 'type': 'integer'}}, 'Clearances': {'key': 'clearances', 'stat': {'value': 0, 'type': 'integer'}}, 'Interceptions': {'key': 'interceptions', 'stat': {'value': 0, 'type': 'integer'}}, 'Recoveries': {'key': 'recoveries', 'stat': {'value': 3, 'type': 'integer'}}, 'Dribbled past': {'key': 'dribbled_past', 'stat': {'value': 0, 'type': 'integer'}}}}, {'title': 'Duels', 'key': 'duels', 'stats': {'Ground duels won': {'key': 'ground_duels_won', 'stat': {'value': 1, 'total': 1, 'type': 'fractionWithPercentage'}}, 'Aerial duels won': {'key': 'aerials_won', 'stat': {'value': 0, 'total': 0, 'type': 'fractionWithPercentage'}}, 'Was fouled': {'key': 'was_fouled', 'stat': {'type': 'integer'}}, 'Fouls committed': {'key': 'fouls', 'stat': {'value': 0, 'type': 'integer'}}, 'Duels won': {'key': 'duel_won', 'stat': {'value': 1, 'type': 'integer'}, 'hideInPopupCard': True}}}]",7,3,,4667751,1,Mexico,6710,South Africa,6316,2026-06-11T19:00:00.000Z,2,0,6.25,13.0,0.0,0.0,,5.0,6.0,0.0,,,,1.0,8.0,0.0,,,,0.0,1.0,0.0,,,0.0,0.0,,0.0,3.0,0.0,1.0,,1.0,1.0,0.0,0.0,,0.0
Israel Reyes,1074586,487944,6710,Mexico,False,"[{'title': 'Top stats', 'key': 'top_stats', 'stats': {'FotMob rating': {'key': 'rating_title', 'stat': {'value': 7.42, 'type': 'double'}}, 'Minutes played': {'key': 'minutes_played', 'stat': {'value': 90, 'type': 'integer'}}, 'Goals': {'key': 'goals', 'stat': {'value': 0, 'type': 'integer'}}, 'Assists': {'key': 'assists', 'stat': {'value': 0, 'type': 'integer'}}, 'Expected goals (xG)': {'key': 'expected_goals', 'stat': {'value': 0.01, 'type': 'double'}}, 'Expected goals on target (xGOT)': {'key': 'expected_goals_on_target_variant', 'stat': {'type': 'double'}}, 'Expected assists (xA)': {'key': 'expected_assists', 'stat': {'value': 0.03, 'type': 'double'}}, 'xG + xA': {'key': 'xg_and_xa', 'stat': {'value': 0.04, 'type': 'double'}}, 'Total shots': {'key': 'total_shots', 'stat': {'value': 1, 'type': 'integer'}, 'hideInPopupCard': True}, 'Accurate passes': {'key': 'accurate_passes', 'stat': {'value': 38, 'total': 42, 'type': 'fractionWithPercentage'}}, 'Chances created': {'key': 'chances_created', 'stat': {'value': 2, 'type': 'integer'}}, 'Shots on target': {'key': 'ShotsOnTarget', 'stat': {'value': 0, 'type': 'integer'}}, 'Shots off target': {'key': 'ShotsOffTarget', 'stat': {'value': 1, 'type': 'integer'}}, 'Shot accuracy': {'key': 'shot_accuracy', 'stat': {'value': 0, 'total': 1, 'type': 'fractionWithPercentage'}}, 'Shotmap': {'key': None, 'stat': {'value': 1, 'type': 'boolean'}}, 'Defensive actions': {'key': 'defensive_actions', 'stat': {'value': 4, 'type': 'integer'}}}}, {'title': 'Attack', 'key': 'attack', 'stats': {'Touches': {'key': 'touches', 'stat': {'value': 57, 'type': 'integer'}}, 'Touches in opposition box': {'key': 'touches_opp_box', 'stat': {'value': 1, 'type': 'integer'}}, 'Passes into final third': {'key': 'passes_into_final_third', 'stat': {'value': 7, 'type': 'integer'}}, 'Accurate crosses': {'key': 'accurate_crosses', 'stat': {'value': 1, 'total': 2, 'type': 'fractionWithPercentage'}}, 'Accurate long balls': {'key': 'long_balls_accurate', 'stat': {'value': 5, 'total': 6, 'type': 'fractionWithPercentage'}}, 'Dispossessed': {'key': 'dispossessed', 'stat': {'value': 0, 'type': 'integer'}}, 'xG Non-penalty': {'key': 'expected_goals_non_penalty', 'stat': {'value': 0.01, 'type': 'double'}}}}, {'title': 'Defense', 'key': 'defense', 'stats': {'Defensive actions': {'key': 'defensive_actions', 'stat': {'value': 4, 'type': 'integer'}}, 'Tackles': {'key': 'matchstats.headers.tackles', 'stat': {'value': 0, 'type': 'integer'}}, 'Blocks': {'key': 'shot_blocks', 'stat': {'value': 0, 'type': 'integer'}}, 'Clearances': {'key': 'clearances', 'stat': {'value': 3, 'type': 'integer'}}, 'Headed clearance': {'key': 'headed_clearance', 'stat': {'value': 2, 'type': 'integer'}}, 'Interceptions': {'key': 'interceptions', 'stat': {'value': 1, 'type': 'integer'}}, 'Recoveries': {'key': 'recoveries', 'stat': {'value': 2, 'type': 'integer'}}, 'Dribbled past': {'key': 'dribbled_past', 'stat': {'value': 0, 'type': 'integer'}}}}, {'title': 'Duels', 'key': 'duels', 'stats': {'Aerial duels won': {'key': 'aerials_won', 'stat': {'value': 1, 'total': 1, 'type': 'fractionWithPercentage'}}, 'Was fouled': {'key': 'was_fouled', 'stat': {'type': 'integer'}}, 'Fouls committed': {'key': 'fouls', 'stat': {'value': 0, 'type': 'integer'}}, 'Duels won': {'key': 'duel_won', 'stat': {'value': 1, 'type': 'integer'}, 'hideInPopupCard': True}}}]",15,1,32,4667751,1,Mexico,6710,South Africa,6316,2026-06-11T19:00:00.000Z,2,0,7.42,90.0,0.0,0.0,1.0,38.0,42.0,2.0,0.03,0.04,,4.0,57.0,1.0,7.0,1.0,2.0,5.0,6.0,0.0,,,0.0,3.0,2.0,1.0,2.0,0.0,1.0,,,,1.0,1.0,,0.0
Iqraam Rayners,1076668,441662,6316,South Africa,False,"[{'title': 'Top stats', 'key': 'top_stats', 'stats': {'FotMob rating': {'key': 'rating_title', 'stat': {'value': 5.54, 'type': 'double'}}, 'Minutes played': {'key': 'minutes_played', 'stat': {'value': 76, 'type': 'integer'}}, 'Goals': {'key': 'goals', 'stat': {'value': 0, 'type': 'integer'}}, 'Assists': {'key': 'assists', 'stat': {'value': 0, 'type': 'integer'}}, 'Accurate passes': {'key': 'accurate_passes', 'stat': {'value': 9, 'total': 10, 'type': 'fractionWithPercentage'}}, 'Chances created': {'key': 'chances_created', 'stat': {'value': 0, 'type': 'integer'}}, 'Shotmap': {'key': None, 'stat': {'value': 0, 'type': 'boolean'}}, 'Defensive actions': {'key': 'defensive_actions', 'stat': {'value': 1, 'type': 'integer'}}}}, {'title': 'Attack', 'key': 'attack', 'stats': {'Touches': {'key': 'touches', 'stat': {'value': 16, 'type': 'integer'}}, 'Touches in opposition box': {'key': 'touches_opp_box', 'stat': {'value': 0, 'type': 'integer'}}, 'Passes into final third': {'key': 'passes_into_final_third', 'stat': {'value': 1, 'type': 'integer'}}, 'Accurate crosses': {'key': 'accurate_crosses', 'stat': {'value': 0, 'total': 1, 'type': 'fractionWithPercentage'}}, 'Dispossessed': {'key': 'dispossessed', 'stat': {'value': 1, 'type': 'integer'}}}}, {'title': 'Defense', 'key': 'defense', 'stats': {'Defensive actions': {'key': 'defensive_actions', 'stat': {'value': 1, 'type': 'integer'}}, 'Tackles': {'key': 'matchstats.headers.tackles', 'stat': {'value': 0, 'type': 'integer'}}, 'Blocks': {'key': 'shot_blocks', 'stat': {'value': 1, 'type': 'integer'}}, 'Clearances': {'key': 'clearances', 'stat': {'value': 0, 'type': 'integer'}}, 'Interceptions': {'key': 'interceptions', 'stat': {'value': 0, 'type': 'integer'}}, 'Recoveries': {'key': 'recoveries', 'stat': {'value': 1, 'type': 'integer'}}, 'Dribbled past': {'key': 'dribbled_past', 'stat': {'value': 1, 'type': 'integer'}}}}, {'title': 'Duels', 'key': 'duels', 'stats': {'Ground duels won': {'key': 'ground_duels_won', 'stat': {'value': 0, 'total': 2, 'type': 'fractionWithPercentage'}}, 'Aerial duels won': {'key': 'aerials_won', 'stat': {'value': 0, 'total': 4, 'type': 'fractionWithPercentage'}}, 'Was fouled': {'key': 'was_fouled', 'stat': {'type': 'integer'}}, 'Fouls committed': {'key': 'fouls', 'stat': {'value': 0, 'type': 'integer'}}, 'Duels lost': {'key': 'duel_lost', 'stat': {'value': 6, 'type': 'integer'}, 'hideInPopupCard': True}}}]",15,3,104,4667751,1,Mexico,6710,South Africa,6316,2026-06-11T19:00:00.000Z,2,0,5.54,76.0,0.0,0.0,,9.0,10.0,0.0,,,,1.0,16.0,0.0,1.0,0.0,1.0,,,1.0,,,1.0,0.0,,0.0,1.0,1.0,,6.0,0.0,2.0,0.0,4.0,,0.0
Sphephelo Sithole,1107735,218418,6316,South Africa,False,"[{'title': 'Top stats', 'key': 'top_stats', 'stats': {'FotMob rating': {'key': 'rating_title', 'stat': {'value': 3.54, 'type': 'double'}}, 'Minutes played': {'key': 'minutes_played', 'stat': {'value': 49, 'type': 'integer'}}, 'Goals': {'key': 'goals', 'stat': {'value': 0, 'type': 'integer'}}, 'Assists': {'key': 'assists', 'stat': {'value': 0, 'type': 'integer'}}, 'Accurate passes': {'key': 'accurate_passes', 'stat': {'value': 17, 'total': 19, 'type': 'fractionWithPercentage'}}, 'Chances created': {'key': 'chances_created', 'stat': {'value': 0, 'type': 'integer'}}, 'Error led to goal': {'key': 'errors_led_to_goal', 'stat': {'value': 1, 'type': 'integer'}}, 'Shotmap': {'key': None, 'stat': {'value': 0, 'type': 'boolean'}}, 'Defensive actions': {'key': 'defensive_actions', 'stat': {'value': 3, 'type': 'integer'}}}}, {'title': 'Attack', 'key': 'attack', 'stats': {'Touches': {'key': 'touches', 'stat': {'value': 24, 'type': 'integer'}}, 'Touches in opposition box': {'key': 'touches_opp_box', 'stat': {'value': 0, 'type': 'integer'}}, 'Dispossessed': {'key': 'dispossessed', 'stat': {'value': 2, 'type': 'integer'}}}}, {'title': 'Defense', 'key': 'defense', 'stats': {'Defensive actions': {'key': 'defensive_actions', 'stat': {'value': 3, 'type': 'integer'}}, 'Tackles': {'key': 'matchstats.headers.tackles', 'stat': {'value': 0, 'type': 'integer'}}, 'Blocks': {'key': 'shot_blocks', 'stat': {'value': 2, 'type': 'integer'}}, 'Clearances': {'key': 'clearances', 'stat': {'value': 0, 'type': 'integer'}}, 'Interceptions': {'key': 'interceptions', 'stat': {'value': 1, 'type': 'integer'}}, 'Recoveries': {'key': 'recoveries', 'stat': {'value': 2, 'type': 'integer'}}, 'Dribbled past': {'key': 'dribbled_past', 'stat': {'value': 2, 'type': 'integer'}}}}, {'title': 'Duels', 'key': 'duels', 'stats': {'Ground duels won': {'key': 'ground_duels_won', 'stat': {'value': 0, 'total': 7, 'type': 'fractionWithPercentage'}}, 'Aerial duels won': {'key': 'aerials_won', 'stat': {'value': 1, 'total': 1, 'type': 'fractionWithPercentage'}}, 'Was fouled': {'key': 'was_fouled', 'stat': {'type': 'integer'}}, 'Fouls committed': {'key': 'fouls', 'stat': {'value': 3, 'type': 'integer'}}, 'Duels won': {'key': 'duel_won', 'stat': {'value': 1, 'type': 'integer'}, 'hideInPopupCard': True}, 'Duels lost': {'key': 'duel_lost', 'stat': {'value': 7, 'type': 'integer'}, 'hideInPopupCard': True}}}]",13,2,75,4667751,1,Mexico,6710,South Africa,6316,2026-06-11T19:00:00.000Z,2,0,3.54,49.0,0.0,0.0,,17.0,19.0,0.0,,,,3.0,24.0,0.0,,,,,,2.0,,,2.0,0.0,,1.0,2.0,2.0,1.0,7.0,0.0,7.0,1.0,1.0,,3.0
Thalente Mbatha,1124424,501592,6316,South Africa,False,"[{'title': 'Top stats', 'key': 'top_stats', 'stats': {'FotMob rating': {'key': 'rating_title', 'stat': {'value': 6.24, 'type': 'double'}}, 'Minutes played': {'key': 'minutes_played', 'stat': {'value': 34, 'type': 'integer'}}, 'Goals': {'key': 'goals', 'stat': {'value': 0, 'type': 'integer'}}, 'Assists': {'key': 'assists', 'stat': {'value': 0, 'type': 'integer'}}, 'Accurate passes': {'key': 'accurate_passes', 'stat': {'value': 4, 'total': 7, 'type': 'fractionWithPercentage'}}, 'Chances created': {'key': 'chances_created', 'stat': {'value': 0, 'type': 'integer'}}, 'Shotmap': {'key': None, 'stat': {'value': 0, 'type': 'boolean'}}, 'Defensive actions': {'key': 'defensive_actions', 'stat': {'value': 2, 'type': 'integer'}}}}, {'title': 'Attack', 'key': 'attack', 'stats': {'Touches': {'key': 'touches', 'stat': {'value': 13, 'type': 'integer'}}, 'Touches in opposition box': {'key': 'touches_opp_box', 'stat': {'value': 0, 'type': 'integer'}}, 'Successful dribbles': {'key': 'dribbles_succeeded', 'stat': {'value': 0, 'total': 1, 'type': 'fractionWithPercentage'}}, 'Passes into final third': {'key': 'passes_into_final_third', 'stat': {'value': 1, 'type': 'integer'}}, 'Dispossessed': {'key': 'dispossessed', 'stat': {'value': 0, 'type': 'integer'}}}}, {'title': 'Defense', 'key': 'defense', 'stats': {'Defensive actions': {'key': 'defensive_actions', 'stat': {'value': 2, 'type': 'integer'}}, 'Tackles': {'key': 'matchstats.headers.tackles', 'stat': {'value': 2, 'type': 'integer'}}, 'Blocks': {'key': 'shot_blocks', 'stat': {'value': 0, 'type': 'integer'}}, 'Clearances': {'key': 'clearances', 'stat': {'value': 0, 'type': 'integer'}}, 'Interceptions': {'key': 'interceptions', 'stat': {'value': 0, 'type': 'integer'}}, 'Recoveries': {'key': 'recoveries', 'stat': {'value': 1, 'type': 'integer'}}, 'Dribbled past': {'key': 'dribbled_past', 'stat': {'value': 0, 'type': 'integer'}}}}, {'title': 'Duels', 'key': 'duels', 'stats': {'Ground duels won': {'key': 'ground_duels_won', 'stat': {'value': 2, 'total': 3, 'type': 'fractionWithPercentage'}}, 'Aerial duels won': {'key': 'aerials_won', 'stat': {'value': 0, 'total': 0, 'type': 'fractionWithPercentage'}}, 'Was fouled': {'key': 'was_fouled', 'stat': {'type': 'integer'}}, 'Fouls committed': {'key': 'fouls', 'stat': {'value': 0, 'type': 'integer'}}, 'Duels won': {'key': 'duel_won', 'stat': {'value': 2, 'type': 'integer'}, 'hideInPopupCard': True}, 'Duels lost': {'key': 'duel_lost', 'stat': {'value': 1, 'type': 'integer'}, 'hideInPopupCard': True}}}]",5,2,,4667751,1,Mexico,6710,South Africa,6316,2026-06-11T19:00:00.000Z,2,0,6.24,34.0,0.0,0.0,,4.0,7.0,0.0,,,,2.0,13.0,0.0,1.0,,,,,0.0,,,0.0,0.0,,0.0,1.0,0.0,2.0,1.0,2.0,3.0,0.0,0.0,,0.0
Evidence Makgopa,1137059,504805,6316,South Africa,False,"[{'title': 'Top stats', 'key': 'top_stats', 'stats': {'FotMob rating': {'key': 'rating_title', 'stat': {'value': 6.25, 'type': 'double'}}, 'Minutes played': {'key': 'minutes_played', 'stat': {'value': 14, 'type': 'integer'}}, 'Goals': {'key': 'goals', 'stat': {'value': 0, 'type': 'integer'}}, 'Assists': {'key': 'assists', 'stat': {'value': 0, 'type': 'integer'}}, 'Expected assists (xA)': {'key': 'expected_assists', 'stat': {'value': 0.01, 'type': 'double'}}, 'xG + xA': {'key': 'xg_and_xa', 'stat': {'value': 0.01, 'type': 'double'}}, 'Accurate passes': {'key': 'accurate_passes', 'stat': {'value': 2, 'total': 5, 'type': 'fractionWithPercentage'}}, 'Chances created': {'key': 'chances_created', 'stat': {'value': 0, 'type': 'integer'}}, 'Shotmap': {'key': None, 'stat': {'value': 0, 'type': 'boolean'}}, 'Defensive actions': {'key': 'defensive_actions', 'stat': {'value': 0, 'type': 'integer'}}}}, {'title': 'Attack', 'key': 'attack', 'stats': {'Touches': {'key': 'touches', 'stat': {'value': 7, 'type': 'integer'}}, 'Touches in opposition box': {'key': 'touches_opp_box', 'stat': {'value': 0, 'type': 'integer'}}, 'Passes into final third': {'key': 'passes_into_final_third', 'stat': {'value': 3, 'type': 'integer'}}, 'Accurate long balls': {'key': 'long_balls_accurate', 'stat': {'value': 1, 'total': 1, 'type': 'fractionWithPercentage'}}, 'Dispossessed': {'key': 'dispossessed', 'stat': {'value': 0, 'type': 'integer'}}}}, {'title': 'Defense', 'key': 'defense', 'stats': {'Defensive actions': {'key': 'defensive_actions', 'stat': {'value': 0, 'type': 'integer'}}, 'Tackles': {'key': 'matchstats.headers.tackles', 'stat': {'value': 0, 'type': 'integer'}}, 'Blocks': {'key': 'shot_blocks', 'stat': {'value': 0, 'type': 'integer'}}, 'Clearances': {'key': 'clearances', 'stat': {'value': 0, 'type': 'integer'}}, 'Interceptions': {'key': 'interceptions', 'stat': {'value': 0, 'type': 'integer'}}, 'Recoveries': {'key': 'recoveries', 'stat': {'value': 1, 'type': 'integer'}}, 'Dribbled past': {'key': 'dribbled_past', 'stat': {'value': 0, 'type': 'integer'}}}}, {'title': 'Duels', 'key': 'duels', 'stats': {'Aerial duels won': {'key': 'aerials_won', 'stat': {'value': 3, 'total': 3, 'type': 'fractionWithPercentage'}}, 'Was fouled': {'key': 'was_fouled', 'stat': {'type': 'integer'}}, 'Fouls committed': {'key': 'fouls', 'stat': {'value': 0, 'type': 'integer'}}, 'Duels won': {'key': 'duel_won', 'stat': {'value': 3, 'type': 'integer'}, 'hideInPopupCard': True}}}]",17,3,,4667751,1,Mexico,6710,South Africa,6316,2026-06-11T19:00:00.000Z,2,0,6.25,14.0,0.0,0.0,,2.0,5.0,0.0,0.01,0.01,,0.0,7.0,0.0,3.0,,,1.0,1.0,0.0,,,0.0,0.0,,0.0,1.0,0.0,3.0,,,,3.0,3.0,,0.0
Brian Gutiérrez,1170238,451375,6710,Mexico,False,"[{'title': 'Top stats', 'key': 'top_stats', 'stats': {'FotMob rating': {'key': 'rating_title', 'stat': {'value': 6.71, 'type': 'double'}}, 'Minutes played': {'key': 'minutes_played', 'stat': {'value': 66, 'type': 'integer'}}, 'Goals': {'key': 'goals', 'stat': {'value': 0, 'type': 'integer'}}, 'Assists': {'key': 'assists', 'stat': {'value': 0, 'type': 'integer'}}, 'Expected goals (xG)': {'key': 'expected_goals', 'stat': {'value': 0.19, 'type': 'double'}}, 'Expected goals on target (xGOT)': {'key': 'expected_goals_on_target_variant', 'stat': {'type': 'double'}}, 'Expected assists (xA)': {'key': 'expected_assists', 'stat': {'value': 0.17, 'type': 'double'}}, 'xG + xA': {'key': 'xg_and_xa', 'stat': {'value': 0.36, 'type': 'double'}}, 'Total shots': {'key': 'total_shots', 'stat': {'value': 4, 'type': 'integer'}, 'hideInPopupCard': True}, 'Accurate passes': {'key': 'accurate_passes', 'stat': {'value': 20, 'total': 23, 'type': 'fractionWithPercentage'}}, 'Chances created': {'key': 'chances_created', 'stat': {'value': 3, 'type': 'integer'}}, 'Shots on target': {'key': 'ShotsOnTarget', 'stat': {'value': 0, 'type': 'integer'}}, 'Shots off target': {'key': 'ShotsOffTarget', 'stat': {'value': 2, 'type': 'integer'}}, 'Blocked shots': {'key': 'blocked_shots', 'stat': {'value': 2, 'type': 'integer'}}, 'Shot accuracy': {'key': 'shot_accuracy', 'stat': {'value': 0, 'total': 2, 'type': 'fractionWithPercentage'}}, 'Shotmap': {'key': None, 'stat': {'value': 1, 'type': 'boolean'}}, 'Defensive actions': {'key': 'defensive_actions', 'stat': {'value': 0, 'type': 'integer'}}}}, {'title': 'Attack', 'key': 'attack', 'stats': {'Touches': {'key': 'touches', 'stat': {'value': 36, 'type': 'integer'}}, 'Touches in opposition box': {'key': 'touches_opp_box', 'stat': {'value': 4, 'type': 'integer'}}, 'Successful dribbles': {'key': 'dribbles_succeeded', 'stat': {'value': 0, 'total': 2, 'type': 'fractionWithPercentage'}}, 'Passes into final third': {'key': 'passes_into_final_third', 'stat': {'value': 3, 'type': 'integer'}}, 'Accurate crosses': {'key': 'accurate_crosses', 'stat': {'value': 1, 'total': 2, 'type': 'fractionWithPercentage'}}, 'Accurate long balls': {'key': 'long_balls_accurate', 'stat': {'value': 1, 'total': 1, 'type': 'fractionWithPercentage'}}, 'Corners': {'key': 'corners', 'stat': {'value': 1, 'type': 'integer'}}, 'Dispossessed': {'key': 'dispossessed', 'stat': {'value': 0, 'type': 'integer'}}, 'xG Non-penalty': {'key': 'expected_goals_non_penalty', 'stat': {'value': 0.19, 'type': 'double'}}}}, {'title': 'Defense', 'key': 'defense', 'stats': {'Defensive actions': {'key': 'defensive_actions', 'stat': {'value': 0, 'type': 'integer'}}, 'Tackles': {'key': 'matchstats.headers.tackles', 'stat': {'value': 0, 'type': 'integer'}}, 'Blocks': {'key': 'shot_blocks', 'stat': {'value': 0, 'type': 'integer'}}, 'Clearances': {'key': 'clearances', 'stat': {'value': 0, 'type': 'integer'}}, 'Interceptions': {'key': 'interceptions', 'stat': {'value': 0, 'type': 'integer'}}, 'Recoveries': {'key': 'recoveries', 'stat': {'value': 1, 'type': 'integer'}}, 'Dribbled past': {'key': 'dribbled_past', 'stat': {'value': 0, 'type': 'integer'}}}}, {'title': 'Duels', 'key': 'duels', 'stats': {'Ground duels won': {'key': 'ground_duels_won', 'stat': {'value': 1, 'total': 5, 'type': 'fractionWithPercentage'}}, 'Aerial duels won': {'key': 'aerials_won', 'stat': {'value': 0, 'total': 2, 'type': 'fractionWithPercentage'}}, 'Was fouled': {'key': 'was_fouled', 'stat': {'value': 1, 'type': 'integer'}}, 'Fouls committed': {'key': 'fouls', 'stat': {'value': 2, 'type': 'integer'}}, 'Duels won': {'key': 'duel_won', 'stat': {'value': 1, 'type': 'integer'}, 'hideInPopupCard': True}, 'Duels lost': {'key': 'duel_lost', 'stat': {'value': 6, 'type': 'integer'}, 'hideInPopupCard': True}}}]",26,2,84,4667751,1,Mexico,6710,South Africa,6316,2026-06-11T19:00:00.000Z,2,0,6.71,66.0,0.0,0.0,4.0,20.0,23.0,3.0,0.17,0.36,,0.0,36.0,4.0,3.0,1.0,2.0,1.0,1.0,0.0,,,0.0,0.0,,0.0,1.0,0.0,1.0,6.0,1.0,5.0,0.0,2.0,1.0,2.0
Jayden Adams,1178629,510880,6316,South Africa,False,"[{'title': 'Top stats', 'key': 'top_stats', 'stats': {'FotMob rating': {'key': 'rating_title', 'stat': {'value': 6.15, 'type': 'double'}}, 'Minutes played': {'key': 'minutes_played', 'stat': {'value': 61, 'type': 'integer'}}, 'Goals': {'key': 'goals', 'stat': {'value': 0, 'type': 'integer'}}, 'Assists': {'key': 'assists', 'stat': {'value': 0, 'type': 'integer'}}, 'Expected assists (xA)': {'key': 'expected_assists', 'stat': {'value': 0.06, 'type': 'double'}}, 'xG + xA': {'key': 'xg_and_xa', 'stat': {'value': 0.06, 'type': 'double'}}, 'Accurate passes': {'key': 'accurate_passes', 'stat': {'value': 16, 'total': 20, 'type': 'fractionWithPercentage'}}, 'Chances created': {'key': 'chances_created', 'stat': {'value': 0, 'type': 'integer'}}, 'Shotmap': {'key': None, 'stat': {'value': 0, 'type': 'boolean'}}, 'Defensive actions': {'key': 'defensive_actions', 'stat': {'value': 1, 'type': 'integer'}}}}, {'title': 'Attack', 'key': 'attack', 'stats': {'Touches': {'key': 'touches', 'stat': {'value': 25, 'type': 'integer'}}, 'Touches in opposition box': {'key': 'touches_opp_box', 'stat': {'value': 0, 'type': 'integer'}}, 'Successful dribbles': {'key': 'dribbles_succeeded', 'stat': {'value': 1, 'total': 1, 'type': 'fractionWithPercentage'}}, 'Passes into final third': {'key': 'passes_into_final_third', 'stat': {'value': 5, 'type': 'integer'}}, 'Accurate long balls': {'key': 'long_balls_accurate', 'stat': {'value': 1, 'total': 2, 'type': 'fractionWithPercentage'}}, 'Dispossessed': {'key': 'dispossessed', 'stat': {'value': 0, 'type': 'integer'}}}}, {'title': 'Defense', 'key': 'defense', 'stats': {'Defensive actions': {'key': 'defensive_actions', 'stat': {'value': 1, 'type': 'integer'}}, 'Tackles': {'key': 'matchstats.headers.tackles', 'stat': {'value': 0, 'type': 'integer'}}, 'Blocks': {'key': 'shot_blocks', 'stat': {'value': 1, 'type': 'integer'}}, 'Clearances': {'key': 'clearances', 'stat': {'value': 0, 'type': 'integer'}}, 'Interceptions': {'key': 'interceptions', 'stat': {'value': 0, 'type': 'integer'}}, 'Recoveries': {'key': 'recoveries', 'stat': {'value': 1, 'type': 'integer'}}, 'Dribbled past': {'key': 'dribbled_past', 'stat': {'value': 0, 'type': 'integer'}}}}, {'title': 'Duels', 'key': 'duels', 'stats': {'Ground duels won': {'key': 'ground_duels_won', 'stat': {'value': 1, 'total': 1, 'type': 'fractionWithPercentage'}}, 'Aerial duels won': {'key': 'aerials_won', 'stat': {'value': 0, 'total': 1, 'type': 'fractionWithPercentage'}}, 'Was fouled': {'key': 'was_fouled', 'stat': {'type': 'integer'}}, 'Fouls committed': {'key': 'fouls', 'stat': {'value': 0, 'type': 'integer'}}, 'Duels won': {'key': 'duel_won', 'stat': {'value': 1, 'type': 'integer'}, 'hideInPopupCard': True}, 'Duels lost': {'key': 'duel_lost', 'stat': {'value': 1, 'type': 'integer'}, 'hideInPopupCard': True}}}]",23,2,77,4667751,1,Mexico,6710,South Africa,6316,2026-06-11T19:00:00.000Z,2,0,6.15,61.0,0.0,0.0,,16.0,20.0,0.0,0.06,0.06,,1.0,25.0,0.0,5.0,,,1.0,2.0,0.0,,,1.0,0.0,,0.0,1.0,0.0,1.0,1.0,1.0,1.0,0.0,1.0,,0.0
Bradley Cross,1202481,465600,6316,South Africa,False,[],26,1,,4667751,1,Mexico,6710,South Africa,6316,2026-06-11T19:00:00.000Z,2,0,,,,,,,,,,,,,,,,,,,,,,,,,,,,,,,,,,,,
Raúl Rangel,1227878,488958,6710,Mexico,True,"[{'title': 'Top stats', 'key': 'top_stats', 'stats': {'FotMob rating': {'key': 'rating_title', 'stat': {'value': 7.5, 'type': 'double'}}, 'Minutes played': {'key': 'minutes_played', 'stat': {'value': 90, 'type': 'integer'}}, 'Saves': {'key': 'saves', 'stat': {'value': 2, 'type': 'integer'}}, 'Goals conceded': {'key': 'goals_conceded', 'stat': {'value': 0, 'type': 'integer'}}, 'xGOT faced': {'key': 'expected_goals_on_target_faced', 'stat': {'value': 0.13, 'type': 'double'}}, 'Goals prevented': {'key': 'goals_prevented', 'stat': {'value': 0.13, 'type': 'double'}}, 'Shotmap': {'key': None, 'stat': {'value': 1, 'type': 'boolean'}}, 'Accurate passes': {'key': 'accurate_passes', 'stat': {'value': 26, 'total': 30, 'type': 'fractionWithPercentage'}}, 'Accurate long balls': {'key': 'long_balls_accurate', 'stat': {'value': 9, 'total': 13, 'type': 'fractionWithPercentage'}}, 'Diving save': {'key': 'keeper_diving_save', 'stat': {'value': 0, 'type': 'integer'}}, 'Saves inside box': {'key': 'saves_inside_box', 'stat': {'value': 0, 'type': 'integer'}}, 'Acted as sweeper': {'key': 'keeper_sweeper', 'stat': {'value': 0, 'type': 'integer'}}, 'Punches': {'key': 'punches', 'stat': {'value': 0, 'type': 'integer'}}, 'Throws': {'key': 'player_throws', 'stat': {'value': 3, 'type': 'integer'}}, 'High claim': {'key': 'keeper_high_claim', 'stat': {'value': 0, 'type': 'integer'}}, 'Recoveries': {'key': 'recoveries', 'stat': {'value': 9, 'type': 'integer'}}, 'Clearances': {'key': 'clearances', 'stat': {'value': 0, 'type': 'integer'}}, 'Touches': {'key': 'touches', 'stat': {'value': 36, 'type': 'integer'}}, 'Defensive actions': {'key': 'defensive_actions', 'stat': {'value': 0, 'type': 'integer'}, 'hideInPopupCard': True}, 'Was fouled': {'key': 'was_fouled', 'stat': {'type': 'integer'}, 'hideInPopupCard': True}, 'Fouls committed': {'key': 'fouls', 'stat': {'value': 0, 'type': 'integer'}, 'hideInPopupCard': True}, 'Tackles': {'key': 'matchstats.headers.tackles', 'stat': {'value': 0, 'type': 'integer'}, 'hideInPopupCard': True}, 'Passes into final third': {'key': 'passes_into_final_third', 'stat': {'value': 3, 'type': 'integer'}, 'hideInPopupCard': True}, 'Interceptions': {'key': 'interceptions', 'stat': {'value': 0, 'type': 'integer'}, 'hideInPopupCard': True}}}]",1,0,11,4667751,1,Mexico,6710,South Africa,6316,2026-06-11T19:00:00.000Z,2,0,7.5,90.0,,,,26.0,30.0,,,,,0.0,,,,,,,,,,,,,,,,,,,,,,,,
Obed Vargas,1254394,502868,6710,Mexico,False,[],18,2,,4667751,1,Mexico,6710,South Africa,6316,2026-06-11T19:00:00.000Z,2,0,,,,,,,,,,,,,,,,,,,,,,,,,,,,,,,,,,,,
Tshepang Moremi,1289611,530501,6316,South Africa,False,[],8,3,,4667751,1,Mexico,6710,South Africa,6316,2026-06-11T19:00:00.000Z,2,0,,,,,,,,,,,,,,,,,,,,,,,,,,,,,,,,,,,,
Thapelo Maseko,1394951,568838,6316,South Africa,False,[],12,3,,4667751,1,Mexico,6710,South Africa,6316,2026-06-11T19:00:00.000Z,2,0,,,,,,,,,,,,,,,,,,,,,,,,,,,,,,,,,,,,
Mateo Chávez,1432212,646065,6710,Mexico,False,[],20,1,,4667751,1,Mexico,6710,South Africa,6316,2026-06-11T19:00:00.000Z,2,0,,,,,,,,,,,,,,,,,,,,,,,,,,,,,,,,,,,,
Kamogelo Sebelebele,1451566,573198,6316,South Africa,False,[],25,1,,4667751,1,Mexico,6710,South Africa,6316,2026-06-11T19:00:00.000Z,2,0,,,,,,,,,,,,,,,,,,,,,,,,,,,,,,,,,,,,
Armando González,1456983,640394,6710,Mexico,False,"[{'title': 'Top stats', 'key': 'top_stats', 'stats': {'FotMob rating': {'key': 'rating_title', 'stat': {'value': 5.94, 'type': 'double'}}, 'Minutes played': {'key': 'minutes_played', 'stat': {'value': 14, 'type': 'integer'}}, 'Goals': {'key': 'goals', 'stat': {'value': 0, 'type': 'integer'}}, 'Assists': {'key': 'assists', 'stat': {'value': 0, 'type': 'integer'}}, 'Accurate passes': {'key': 'accurate_passes', 'stat': {'value': 1, 'total': 1, 'type': 'fractionWithPercentage'}}, 'Chances created': {'key': 'chances_created', 'stat': {'value': 0, 'type': 'integer'}}, 'Shotmap': {'key': None, 'stat': {'value': 0, 'type': 'boolean'}}, 'Defensive actions': {'key': 'defensive_actions', 'stat': {'value': 0, 'type': 'integer'}}}}, {'title': 'Attack', 'key': 'attack', 'stats': {'Touches': {'key': 'touches', 'stat': {'value': 4, 'type': 'integer'}}, 'Touches in opposition box': {'key': 'touches_opp_box', 'stat': {'value': 1, 'type': 'integer'}}, 'Dispossessed': {'key': 'dispossessed', 'stat': {'value': 0, 'type': 'integer'}}}}, {'title': 'Defense', 'key': 'defense', 'stats': {'Defensive actions': {'key': 'defensive_actions', 'stat': {'value': 0, 'type': 'integer'}}, 'Tackles': {'key': 'matchstats.headers.tackles', 'stat': {'value': 0, 'type': 'integer'}}, 'Blocks': {'key': 'shot_blocks', 'stat': {'value': 0, 'type': 'integer'}}, 'Clearances': {'key': 'clearances', 'stat': {'value': 0, 'type': 'integer'}}, 'Interceptions': {'key': 'interceptions', 'stat': {'value': 0, 'type': 'integer'}}, 'Recoveries': {'key': 'recoveries', 'stat': {'value': 0, 'type': 'integer'}}, 'Dribbled past': {'key': 'dribbled_past', 'stat': {'value': 0, 'type': 'integer'}}}}, {'title': 'Duels', 'key': 'duels', 'stats': {'Ground duels won': {'key': 'ground_duels_won', 'stat': {'value': 0, 'total': 1, 'type': 'fractionWithPercentage'}}, 'Aerial duels won': {'key': 'aerials_won', 'stat': {'value': 0, 'total': 0, 'type': 'fractionWithPercentage'}}, 'Was fouled': {'key': 'was_fouled', 'stat': {'type': 'integer'}}, 'Fouls committed': {'key': 'fouls', 'stat': {'value': 1, 'type': 'integer'}}, 'Duels lost': {'key': 'duel_lost', 'stat': {'value': 1, 'type': 'integer'}, 'hideInPopupCard': True}}}]",14,3,,4667751,1,Mexico,6710,South Africa,6316,2026-06-11T19:00:00.000Z,2,0,5.94,14.0,0.0,0.0,,1.0,1.0,0.0,,,,0.0,4.0,1.0,,,,,,0.0,,,0.0,0.0,,0.0,0.0,0.0,,1.0,0.0,1.0,0.0,0.0,,1.0
Olwethu Makhanya,1469826,597743,6316,South Africa,False,[],24,1,,4667751,1,Mexico,6710,South Africa,6316,2026-06-11T19:00:00.000Z,2,0,,,,,,,,,,,,,,,,,,,,,,,,,,,,,,,,,,,,
Relebohile Mofokeng,1471333,616826,6316,South Africa,False,[],10,3,,4667751,1,Mexico,6710,South Africa,6316,2026-06-11T19:00:00.000Z,2,0,,,,,,,,,,,,,,,,,,,,,,,,,,,,,,,,,,,,
Thabang Matuludi,1579341,612077,6316,South Africa,False,[],2,1,,4667751,1,Mexico,6710,South Africa,6316,2026-06-11T19:00:00.000Z,2,0,,,,,,,,,,,,,,,,,,,,,,,,,,,,,,,,,,,,
Ime Okon,1600334,611177,6316,South Africa,False,"[{'title': 'Top stats', 'key': 'top_stats', 'stats': {'FotMob rating': {'key': 'rating_title', 'stat': {'value': 6.03, 'type': 'double'}}, 'Minutes played': {'key': 'minutes_played', 'stat': {'value': 90, 'type': 'integer'}}, 'Goals': {'key': 'goals', 'stat': {'value': 0, 'type': 'integer'}}, 'Assists': {'key': 'assists', 'stat': {'value': 0, 'type': 'integer'}}, 'Accurate passes': {'key': 'accurate_passes', 'stat': {'value': 45, 'total': 49, 'type': 'fractionWithPercentage'}}, 'Chances created': {'key': 'chances_created', 'stat': {'value': 0, 'type': 'integer'}}, 'Shotmap': {'key': None, 'stat': {'value': 0, 'type': 'boolean'}}, 'Defensive actions': {'key': 'defensive_actions', 'stat': {'value': 8, 'type': 'integer'}}}}, {'title': 'Attack', 'key': 'attack', 'stats': {'Touches': {'key': 'touches', 'stat': {'value': 61, 'type': 'integer'}}, 'Touches in opposition box': {'key': 'touches_opp_box', 'stat': {'value': 0, 'type': 'integer'}}, 'Successful dribbles': {'key': 'dribbles_succeeded', 'stat': {'value': 0, 'total': 1, 'type': 'fractionWithPercentage'}}, 'Passes into final third': {'key': 'passes_into_final_third', 'stat': {'value': 1, 'type': 'integer'}}, 'Accurate long balls': {'key': 'long_balls_accurate', 'stat': {'value': 0, 'total': 2, 'type': 'fractionWithPercentage'}}, 'Dispossessed': {'key': 'dispossessed', 'stat': {'value': 0, 'type': 'integer'}}}}, {'title': 'Defense', 'key': 'defense', 'stats': {'Defensive actions': {'key': 'defensive_actions', 'stat': {'value': 8, 'type': 'integer'}}, 'Tackles': {'key': 'matchstats.headers.tackles', 'stat': {'value': 2, 'type': 'integer'}}, 'Blocks': {'key': 'shot_blocks', 'stat': {'value': 0, 'type': 'integer'}}, 'Clearances': {'key': 'clearances', 'stat': {'value': 6, 'type': 'integer'}}, 'Headed clearance': {'key': 'headed_clearance', 'stat': {'value': 5, 'type': 'integer'}}, 'Interceptions': {'key': 'interceptions', 'stat': {'value': 0, 'type': 'integer'}}, 'Recoveries': {'key': 'recoveries', 'stat': {'value': 4, 'type': 'integer'}}, 'Dribbled past': {'key': 'dribbled_past', 'stat': {'value': 0, 'type': 'integer'}}}}, {'title': 'Duels', 'key': 'duels', 'stats': {'Ground duels won': {'key': 'ground_duels_won', 'stat': {'value': 2, 'total': 3, 'type': 'fractionWithPercentage'}}, 'Aerial duels won': {'key': 'aerials_won', 'stat': {'value': 1, 'total': 4, 'type': 'fractionWithPercentage'}}, 'Was fouled': {'key': 'was_fouled', 'stat': {'type': 'integer'}}, 'Fouls committed': {'key': 'fouls', 'stat': {'value': 0, 'type': 'integer'}}, 'Duels won': {'key': 'duel_won', 'stat': {'value': 3, 'type': 'integer'}, 'hideInPopupCard': True}, 'Duels lost': {'key': 'duel_lost', 'stat': {'value': 4, 'type': 'integer'}, 'hideInPopupCard': True}}}]",21,1,35,4667751,1,Mexico,6710,South Africa,6316,2026-06-11T19:00:00.000Z,2,0,6.03,90.0,0.0,0.0,,45.0,49.0,0.0,,,,8.0,61.0,0.0,1.0,,,0.0,2.0,0.0,,,0.0,6.0,5.0,0.0,4.0,0.0,3.0,4.0,2.0,3.0,1.0,4.0,,0.0
Gilberto Mora,1670377,576599,6710,Mexico,False,"[{'title': 'Top stats', 'key': 'top_stats', 'stats': {'FotMob rating': {'key': 'rating_title', 'stat': {'value': 6.25, 'type': 'double'}}, 'Minutes played': {'key': 'minutes_played', 'stat': {'value': 24, 'type': 'integer'}}, 'Goals': {'key': 'goals', 'stat': {'value': 0, 'type': 'integer'}}, 'Assists': {'key': 'assists', 'stat': {'value': 0, 'type': 'integer'}}, 'Expected assists (xA)': {'key': 'expected_assists', 'stat': {'value': 0.09, 'type': 'double'}}, 'xG + xA': {'key': 'xg_and_xa', 'stat': {'value': 0.09, 'type': 'double'}}, 'Accurate passes': {'key': 'accurate_passes', 'stat': {'value': 14, 'total': 14, 'type': 'fractionWithPercentage'}}, 'Chances created': {'key': 'chances_created', 'stat': {'value': 0, 'type': 'integer'}}, 'Shotmap': {'key': None, 'stat': {'value': 0, 'type': 'boolean'}}, 'Defensive actions': {'key': 'defensive_actions', 'stat': {'value': 1, 'type': 'integer'}}}}, {'title': 'Attack', 'key': 'attack', 'stats': {'Touches': {'key': 'touches', 'stat': {'value': 21, 'type': 'integer'}}, 'Touches in opposition box': {'key': 'touches_opp_box', 'stat': {'value': 1, 'type': 'integer'}}, 'Successful dribbles': {'key': 'dribbles_succeeded', 'stat': {'value': 1, 'total': 2, 'type': 'fractionWithPercentage'}}, 'Accurate long balls': {'key': 'long_balls_accurate', 'stat': {'value': 1, 'total': 1, 'type': 'fractionWithPercentage'}}, 'Dispossessed': {'key': 'dispossessed', 'stat': {'value': 2, 'type': 'integer'}}}}, {'title': 'Defense', 'key': 'defense', 'stats': {'Defensive actions': {'key': 'defensive_actions', 'stat': {'value': 1, 'type': 'integer'}}, 'Tackles': {'key': 'matchstats.headers.tackles', 'stat': {'value': 0, 'type': 'integer'}}, 'Blocks': {'key': 'shot_blocks', 'stat': {'value': 0, 'type': 'integer'}}, 'Clearances': {'key': 'clearances', 'stat': {'value': 0, 'type': 'integer'}}, 'Interceptions': {'key': 'interceptions', 'stat': {'value': 1, 'type': 'integer'}}, 'Recoveries': {'key': 'recoveries', 'stat': {'value': 2, 'type': 'integer'}}, 'Dribbled past': {'key': 'dribbled_past', 'stat': {'value': 0, 'type': 'integer'}}}}, {'title': 'Duels', 'key': 'duels', 'stats': {'Ground duels won': {'key': 'ground_duels_won', 'stat': {'value': 1, 'total': 5, 'type': 'fractionWithPercentage'}}, 'Aerial duels won': {'key': 'aerials_won', 'stat': {'value': 0, 'total': 0, 'type': 'fractionWithPercentage'}}, 'Was fouled': {'key': 'was_fouled', 'stat': {'type': 'integer'}}, 'Fouls committed': {'key': 'fouls', 'stat': {'value': 1, 'type': 'integer'}}, 'Duels won': {'key': 'duel_won', 'stat': {'value': 1, 'type': 'integer'}, 'hideInPopupCard': True}, 'Duels lost': {'key': 'duel_lost', 'stat': {'value': 4, 'type': 'integer'}, 'hideInPopupCard': True}}}]",19,2,,4667751,1,Mexico,6710,South Africa,6316,2026-06-11T19:00:00.000Z,2,0,6.25,24.0,0.0,0.0,,14.0,14.0,0.0,0.09,0.09,,1.0,21.0,1.0,,,,1.0,1.0,2.0,,,0.0,0.0,,1.0,2.0,0.0,1.0,4.0,1.0,5.0,0.0,0.0,,1.0
Samukelo Kabini,1680659,627429,6316,South Africa,False,[],18,1,,4667751,1,Mexico,6710,South Africa,6316,2026-06-11T19:00:00.000Z,2,0,,,,,,,,,,,,,,,,,,,,,,,,,,,,,,,,,,,,
Khulumani Ndamane,1680696,662923,6316,South Africa,False,[],3,1,,4667751,1,Mexico,6710,South Africa,6316,2026-06-11T19:00:00.000Z,2,0,,,,,,,,,,,,,,,,,,,,,,,,,,,,,,,,,,,,
Mbekezeli Mbokazi,1719066,681982,6316,South Africa,False,"[{'title': 'Top stats', 'key': 'top_stats', 'stats': {'FotMob rating': {'key': 'rating_title', 'stat': {'value': 6.05, 'type': 'double'}}, 'Minutes played': {'key': 'minutes_played', 'stat': {'value': 90, 'type': 'integer'}}, 'Goals': {'key': 'goals', 'stat': {'value': 0, 'type': 'integer'}}, 'Assists': {'key': 'assists', 'stat': {'value': 0, 'type': 'integer'}}, 'Expected goals (xG)': {'key': 'expected_goals', 'stat': {'value': 0.01, 'type': 'double'}}, 'Expected goals on target (xGOT)': {'key': 'expected_goals_on_target_variant', 'stat': {'value': 0.08, 'type': 'double'}}, 'Expected assists (xA)': {'key': 'expected_assists', 'stat': {'value': 0.05, 'type': 'double'}}, 'xG + xA': {'key': 'xg_and_xa', 'stat': {'value': 0.060000000000000005, 'type': 'double'}}, 'Total shots': {'key': 'total_shots', 'stat': {'value': 1, 'type': 'integer'}, 'hideInPopupCard': True}, 'Accurate passes': {'key': 'accurate_passes', 'stat': {'value': 23, 'total': 30, 'type': 'fractionWithPercentage'}}, 'Chances created': {'key': 'chances_created', 'stat': {'value': 1, 'type': 'integer'}}, 'Shots on target': {'key': 'ShotsOnTarget', 'stat': {'value': 1, 'type': 'integer'}}, 'Shots off target': {'key': 'ShotsOffTarget', 'stat': {'value': 0, 'type': 'integer'}}, 'Shot accuracy': {'key': 'shot_accuracy', 'stat': {'value': 1, 'total': 1, 'type': 'fractionWithPercentage'}}, 'Shotmap': {'key': None, 'stat': {'value': 1, 'type': 'boolean'}}, 'Defensive actions': {'key': 'defensive_actions', 'stat': {'value': 8, 'type': 'integer'}}}}, {'title': 'Attack', 'key': 'attack', 'stats': {'Touches': {'key': 'touches', 'stat': {'value': 53, 'type': 'integer'}}, 'Touches in opposition box': {'key': 'touches_opp_box', 'stat': {'value': 0, 'type': 'integer'}}, 'Passes into final third': {'key': 'passes_into_final_third', 'stat': {'value': 7, 'type': 'integer'}}, 'Accurate crosses': {'key': 'accurate_crosses', 'stat': {'value': 1, 'total': 2, 'type': 'fractionWithPercentage'}}, 'Accurate long balls': {'key': 'long_balls_accurate', 'stat': {'value': 3, 'total': 8, 'type': 'fractionWithPercentage'}}, 'Dispossessed': {'key': 'dispossessed', 'stat': {'value': 3, 'type': 'integer'}}, 'xG Non-penalty': {'key': 'expected_goals_non_penalty', 'stat': {'value': 0.01, 'type': 'double'}}}}, {'title': 'Defense', 'key': 'defense', 'stats': {'Defensive actions': {'key': 'defensive_actions', 'stat': {'value': 8, 'type': 'integer'}}, 'Tackles': {'key': 'matchstats.headers.tackles', 'stat': {'value': 2, 'type': 'integer'}}, 'Blocks': {'key': 'shot_blocks', 'stat': {'value': 1, 'type': 'integer'}}, 'Clearances': {'key': 'clearances', 'stat': {'value': 4, 'type': 'integer'}}, 'Headed clearance': {'key': 'headed_clearance', 'stat': {'value': 1, 'type': 'integer'}}, 'Interceptions': {'key': 'interceptions', 'stat': {'value': 1, 'type': 'integer'}}, 'Recoveries': {'key': 'recoveries', 'stat': {'value': 3, 'type': 'integer'}}, 'Dribbled past': {'key': 'dribbled_past', 'stat': {'value': 0, 'type': 'integer'}}}}, {'title': 'Duels', 'key': 'duels', 'stats': {'Ground duels won': {'key': 'ground_duels_won', 'stat': {'value': 5, 'total': 9, 'type': 'fractionWithPercentage'}}, 'Aerial duels won': {'key': 'aerials_won', 'stat': {'value': 0, 'total': 1, 'type': 'fractionWithPercentage'}}, 'Was fouled': {'key': 'was_fouled', 'stat': {'value': 3, 'type': 'integer'}}, 'Fouls committed': {'key': 'fouls', 'stat': {'value': 1, 'type': 'integer'}}, 'Duels won': {'key': 'duel_won', 'stat': {'value': 5, 'type': 'integer'}, 'hideInPopupCard': True}, 'Duels lost': {'key': 'duel_lost', 'stat': {'value': 5, 'type': 'integer'}, 'hideInPopupCard': True}}}]",14,1,37,4667751,1,Mexico,6710,South Africa,6316,2026-06-11T19:00:00.000Z,2,0,6.05,90.0,0.0,0.0,1.0,23.0,30.0,1.0,0.05,0.060000000000000005,,8.0,53.0,0.0,7.0,1.0,2.0,3.0,8.0,3.0,,,1.0,4.0,1.0,1.0,3.0,0.0,5.0,5.0,5.0,9.0,0.0,1.0,3.0,1.0
