reactKey,timeStr,type,time,overloadTime,eventId,player,homeScore,awayScore,profileUrl,overloadTimeStr,isHome,ownGoal,goalDescription,goalDescriptionKey,suffix,suffixKey,isPenaltyShootoutEvent,nameStr,firstName,lastName,fullName,playerId,newScore,penShootoutScore,shotmapEvent,assistStr,assistProfileUrl,assistPlayerId,assistKey,assistInput,goal_scorer,matchRound,HomeTeamId
141989009Goal720560undefinedtrue,9,Goal,9,,14198900,"{'id': 720560, 'name': 'Julián Quiñones', 'profileUrl': '/players/720560/julian-quinones'}",0,0,/players/720560/julian-quinones,False,True,,,,,,False,Julián Quiñones,Julián,Quiñones,Julián Quiñones,720560,"[1, 0]",,"{'id': 2944340001, 'eventType': 'Goal', 'teamId': 6710, 'playerId': 720560, 'playerName': 'Julián Quiñones', 'x': 89.9, 'y': 38.284285716, 'min': 9, 'minAdded': None, 'isBlocked': False, 'isOnTarget': True, 'blockedX': None, 'blockedY': None, 'goalCrossedY': 33.77125, 'goalCrossedZ': 0.20547368320000003, 'expectedGoals': 0.19544583559036255, 'expectedGoalsOnTarget': 0.09809800982475281, 'shotType': 'RightFoot', 'situation': 'RegularPlay', 'period': 'FirstHalf', 'isOwnGoal': False, 'onGoalShot': {'x': 1.0605158730158726, 'y': 0.05435811724867726, 'zoomRatio': 1}, 'isSavedOffLine': False, 'isFromInsideBox': True, 'keeperId': 253991, 'firstName': 'Julián', 'lastName': 'Quiñones', 'fullName': 'Julián Quiñones', 'teamColor': '#00634b'}",assist by Érik Lira,/players/971628/erik-lira,971628,assist_by,Érik Lira,Quiñones,1,6710
1419893567Goal292313undefinedtrue,67,Goal,67,,14198935,"{'id': 292313, 'name': 'Raul Jiménez', 'profileUrl': '/players/292313/raul-jimenez'}",1,0,/players/292313/raul-jimenez,False,True,,Header,header,,,False,Raul Jiménez,Raul,Jiménez,Raul Jiménez,292313,"[2, 0]",,"{'id': 2944343697, 'eventType': 'Goal', 'teamId': 6710, 'playerId': 292313, 'playerName': 'Raul Jiménez', 'x': 100.6379310348, 'y': 36.2875, 'min': 67, 'minAdded': None, 'isBlocked': False, 'isOnTarget': True, 'blockedX': None, 'blockedY': None, 'goalCrossedY': 36.2875, 'goalCrossedZ': 0.6099999970000001, 'expectedGoals': 0.5119985342025757, 'expectedGoalsOnTarget': 0.9775017499923706, 'shotType': 'Header', 'situation': 'RegularPlay', 'period': 'SecondHalf', 'isOwnGoal': False, 'onGoalShot': {'x': 0.39484126984126955, 'y': 0.16137566058201058, 'zoomRatio': 1}, 'isSavedOffLine': False, 'isFromInsideBox': True, 'keeperId': 253991, 'firstName': 'Raul', 'lastName': 'Jiménez', 'fullName': 'Raul Jiménez', 'teamColor': '#00634b'}",assist by Roberto Alvarado,/players/720737/roberto-alvarado,720737,assist_by,Roberto Alvarado,Jiménez,1,6710
1419901667Goal623698undefinedtrue,67,Goal,67,,14199016,"{'id': 623698, 'name': 'In-Beom Hwang', 'profileUrl': '/players/623698/beom-hwang'}",0,1,/players/623698/beom-hwang,False,True,,,,,,False,In-Beom Hwang,In-Beom,Hwang,In-Beom Hwang,623698,"[1, 1]",,"{'id': 2944348835, 'eventType': 'Goal', 'teamId': 7804, 'playerId': 623698, 'playerName': 'In-Beom Hwang', 'x': 94.5789473669, 'y': 42.4084375, 'min': 67, 'minAdded': None, 'isBlocked': False, 'isOnTarget': True, 'blockedX': None, 'blockedY': None, 'goalCrossedY': 30.797499999999996, 'goalCrossedZ': 0.3659999982, 'expectedGoals': 0.31128841638565063, 'expectedGoalsOnTarget': 0.8785961270332336, 'shotType': 'RightFoot', 'situation': 'RegularPlay', 'period': 'SecondHalf', 'isOwnGoal': False, 'onGoalShot': {'x': 1.8472222222222223, 'y': 0.09682539634920634, 'zoomRatio': 1}, 'isSavedOffLine': False, 'isFromInsideBox': True, 'keeperId': 1077903, 'firstName': 'In-Beom', 'lastName': 'Hwang', 'fullName': 'In-Beom Hwang', 'teamColor': '#F7383F'}",assist by Kang-In Lee,/players/940976/kang-lee,940976,assist_by,Kang-In Lee,I. Hwang,1,7804
1419902380Goal1044299undefinedtrue,80,Goal,80,,14199023,"{'id': 1044299, 'name': 'Hyun-Gyu Oh', 'profileUrl': '/players/1044299/hyun-gyu-oh'}",1,1,/players/1044299/hyun-gyu-oh,False,True,,,,,,False,Hyun-Gyu Oh,Hyun-Gyu,Oh,Hyun-Gyu Oh,1044299,"[2, 1]",,"{'id': 2944349047, 'eventType': 'Goal', 'teamId': 7804, 'playerId': 1044299, 'playerName': 'Hyun-Gyu Oh', 'x': 100.44827586240001, 'y': 30.492499999999996, 'min': 80, 'minAdded': None, 'isBlocked': False, 'isOnTarget': True, 'blockedX': None, 'blockedY': None, 'goalCrossedY': 35.525000000000006, 'goalCrossedZ': 0.9374736796, 'expectedGoals': 0.37290289998054504, 'expectedGoalsOnTarget': 0.56871098279953, 'shotType': 'LeftFoot', 'situation': 'RegularPlay', 'period': 'SecondHalf', 'isOwnGoal': False, 'onGoalShot': {'x': 0.5965608465608451, 'y': 0.24800890994708993, 'zoomRatio': 1}, 'isSavedOffLine': False, 'isFromInsideBox': True, 'keeperId': 1077903, 'firstName': 'Hyun-Gyu', 'lastName': 'Oh', 'fullName': 'Hyun-Gyu Oh', 'teamColor': '#F7383F'}",assist by In-Beom Hwang,/players/623698/beom-hwang,623698,assist_by,In-Beom Hwang,Oh,1,7804
1419979178Goal544312undefinedtrue,78,Goal,78,,14199791,"{'id': 544312, 'name': 'Cyle Larin', 'profileUrl': '/players/544312/cyle-larin'}",0,1,/players/544312/cyle-larin,False,True,,,,,,False,Cyle Larin,Cyle,Larin,Cyle Larin,544312,"[1, 1]",,"{'id': 2944392933, 'eventType': 'Goal', 'teamId': 5810, 'playerId': 544312, 'playerName': 'Cyle Larin', 'x': 90.9, 'y': 35.525000000000006, 'min': 78, 'minAdded': None, 'isBlocked': False, 'isOnTarget': True, 'blockedX': None, 'blockedY': None, 'goalCrossedY': 31.026249999999997, 'goalCrossedZ': 0.5714736814000001, 'expectedGoals': 0.07609356194734573, 'expectedGoalsOnTarget': 0.64211505651474, 'shotType': 'RightFoot', 'situation': 'RegularPlay', 'period': 'SecondHalf', 'isOwnGoal': False, 'onGoalShot': {'x': 1.7867063492063497, 'y': 0.15118351359788362, 'zoomRatio': 1}, 'isSavedOffLine': False, 'isFromInsideBox': True, 'keeperId': 466867, 'firstName': 'Cyle', 'lastName': 'Larin', 'fullName': 'Cyle Larin', 'teamColor': '#C50011'}",assist by Promise David,/players/1252132/promise-david,1252132,assist_by,Promise David,Larin,1,5810
141999377Goal1252913undefinedtrue,7,Goal,7,,14199937,"{'id': 1252913, 'name': 'Damián Bobadilla', 'profileUrl': '/players/1252913/damian-bobadilla'}",0,0,/players/1252913/damian-bobadilla,False,True,True,Own goal,owngoal,OG,own_goal_short,False,Damián Bobadilla,Damián,Bobadilla,Damián Bobadilla,1252913,"[1, 0]",,"{'id': 2944401781, 'eventType': 'Goal', 'teamId': 6724, 'playerId': 1252913, 'playerName': 'Damián Bobadilla', 'x': 7.5263157901, 'y': 30.797499999999996, 'min': 7, 'minAdded': None, 'isBlocked': False, 'isOnTarget': True, 'blockedX': None, 'blockedY': None, 'goalCrossedY': 32.70374999999999, 'goalCrossedZ': 0.160526315, 'expectedGoals': None, 'expectedGoalsOnTarget': None, 'shotType': 'RightFoot', 'situation': 'RegularPlay', 'period': 'FirstHalf', 'isOwnGoal': True, 'onGoalShot': {'x': 1.3429232804232825, 'y': 0.042467279100529096, 'zoomRatio': 1}, 'isSavedOffLine': False, 'isFromInsideBox': True, 'keeperId': 1683391, 'firstName': 'Damián', 'lastName': 'Bobadilla', 'fullName': 'Damián Bobadilla', 'teamColor': '#EE3F2D'}",,,Bobadilla,1,6713,,,
1419995531Goal982677undefinedtrue,31,Goal,31,,14199955,"{'id': 982677, 'name': 'Folarin Balogun', 'profileUrl': '/players/982677/folarin-balogun'}",1,0,/players/982677/folarin-balogun,False,True,,,,,,False,Folarin Balogun,Folarin,Balogun,Folarin Balogun,982677,"[2, 0]",,"{'id': 2944403395, 'eventType': 'Goal', 'teamId': 6713, 'playerId': 982677, 'playerName': 'Folarin Balogun', 'x': 93, 'y': 39.629047619999994, 'min': 31, 'minAdded': None, 'isBlocked': False, 'isOnTarget': True, 'blockedX': None, 'blockedY': None, 'goalCrossedY': 32.17, 'goalCrossedZ': 0.2439999988, 'expectedGoals': 0.15506739914417267, 'expectedGoalsOnTarget': 0.48219889402389526, 'shotType': 'RightFoot', 'situation': 'RegularPlay', 'period': 'FirstHalf', 'isOwnGoal': False, 'onGoalShot': {'x': 1.4841269841269837, 'y': 0.06455026423280423, 'zoomRatio': 1}, 'isSavedOffLine': False, 'isFromInsideBox': True, 'keeperId': 1683391, 'firstName': 'Folarin', 'lastName': 'Balogun', 'fullName': 'Folarin Balogun', 'teamColor': '#293664'}",assist by Christian Pulisic,/players/688295/christian-pulisic,Balogun,1,6713,688295.0,assist_by,Christian Pulisic
1419997545Goal982677undefinedtrue,45 + 5,Goal,45,5.0,14199975,"{'id': 982677, 'name': 'Folarin Balogun', 'profileUrl': '/players/982677/folarin-balogun'}",2,0,/players/982677/folarin-balogun,+5,True,,,,,,False,Folarin Balogun,Folarin,Balogun,Folarin Balogun,982677,"[3, 0]",,"{'id': 2944404829, 'eventType': 'Goal', 'teamId': 6713, 'playerId': 982677, 'playerName': 'Folarin Balogun', 'x': 92.7, 'y': 29.631666665, 'min': 45, 'minAdded': 5, 'isBlocked': False, 'isOnTarget': True, 'blockedX': None, 'blockedY': None, 'goalCrossedY': 37.27875, 'goalCrossedZ': 2.1125263054, 'expectedGoals': 0.14328515529632568, 'expectedGoalsOnTarget': 0.8937734365463257, 'shotType': 'LeftFoot', 'situation': 'RegularPlay', 'period': 'FirstHalf', 'isOwnGoal': False, 'onGoalShot': {'x': 0.13260582010581956, 'y': 0.5588693929629629, 'zoomRatio': 1}, 'isSavedOffLine': False, 'isFromInsideBox': True, 'keeperId': 1683391, 'firstName': 'Folarin', 'lastName': 'Balogun', 'fullName': 'Folarin Balogun', 'teamColor': '#293664'}",assist by Malik Tillman,/players/1126058/malik-tillman,Balogun,1,6713,1126058.0,assist_by,Malik Tillman
1420001290Goal1071179undefinedtrue,90 + 8,Goal,90,8,14200012,"{'id': 1071179, 'name': 'Giovanni Reyna', 'profileUrl': '/players/1071179/giovanni-reyna'}",3,1,/players/1071179/giovanni-reyna,+8,True,,,,,,False,Giovanni Reyna,Giovanni,Reyna,Giovanni Reyna,1071179,"[4, 1]",,"{'id': 2944406903, 'eventType': 'Goal', 'teamId': 6713, 'playerId': 1071179, 'playerName': 'Giovanni Reyna', 'x': 91.6, 'y': 25.013437500000002, 'min': 90, 'minAdded': 8, 'isBlocked': False, 'isOnTarget': True, 'blockedX': None, 'blockedY': None, 'goalCrossedY': 37.05, 'goalCrossedZ': 1.0594736790000001, 'expectedGoals': 0.07696540653705597, 'expectedGoalsOnTarget': 0.6212427020072937, 'shotType': 'RightFoot', 'situation': 'RegularPlay', 'period': 'SecondHalf', 'isOwnGoal': False, 'onGoalShot': {'x': 0.19312169312169392, 'y': 0.28028404206349206, 'zoomRatio': 1}, 'isSavedOffLine': False, 'isFromInsideBox': True, 'keeperId': 1683391, 'firstName': 'Giovanni', 'lastName': 'Reyna', 'fullName': 'Giovanni Reyna', 'teamColor': '#293664'}",assist by Alex Freeman,/players/1338696/alex-freeman,Reyna,1,6713,1338696.0,assist_by,Alex Freeman
1420221190Goal759817undefinedtrue,90 + 4,Goal,90,4,14202211,"{'id': 759817, 'name': 'Miro Muheim', 'profileUrl': '/players/759817/miro-muheim'}",0,1,/players/759817/miro-muheim,+4,True,True,Own goal,owngoal,OG,own_goal_short,False,Miro Muheim,Miro,Muheim,Miro Muheim,759817,"[1, 1]",,"{'id': 2944505385, 'eventType': 'Goal', 'teamId': 6717, 'playerId': 759817, 'playerName': 'Miro Muheim', 'x': 6.464912281, 'y': 35.9825, 'min': 90, 'minAdded': 4, 'isBlocked': False, 'isOnTarget': True, 'blockedX': None, 'blockedY': None, 'goalCrossedY': 31.559999999999995, 'goalCrossedZ': 1.0979999946, 'expectedGoals': None, 'expectedGoalsOnTarget': 0.7498661875724792, 'shotType': 'Header', 'situation': 'RegularPlay', 'period': 'SecondHalf', 'isOwnGoal': True, 'onGoalShot': {'x': 1.6455026455026467, 'y': 0.29047618904761907, 'zoomRatio': 1}, 'isSavedOffLine': False, 'isFromInsideBox': True, 'keeperId': 764018, 'firstName': 'Miro', 'lastName': 'Muheim', 'fullName': 'Miro Muheim', 'teamColor': '#DD4145'}",,,Muheim,1,5902
1420226232Goal846033undefinedtrue,32,Goal,32,,14202262,"{'id': 846033, 'name': 'Vinícius Júnior', 'profileUrl': '/players/846033/vinicius-junior'}",0,1,/players/846033/vinicius-junior,False,True,,,,,,False,Vinícius Júnior,Vinícius,Júnior,Vinícius Júnior,Vinicius,846033,"[1, 1]",,"{'id': 2944514467, 'eventType': 'Goal', 'teamId': 8256, 'playerId': 846033, 'playerName': 'Vinícius Júnior', 'x': 97.4736842099, 'y': 45.752356684000006, 'min': 32, 'minAdded': None, 'isBlocked': False, 'isOnTarget': True, 'blockedX': None, 'blockedY': None, 'goalCrossedY': 31.78875, 'goalCrossedZ': 1.4254736772, 'expectedGoals': 0.07970421016216278, 'expectedGoalsOnTarget': 0.5393546223640442, 'shotType': 'RightFoot', 'situation': 'RegularPlay', 'period': 'FirstHalf', 'isOwnGoal': False, 'onGoalShot': {'x': 1.5849867724867723, 'y': 0.3771094384126984, 'zoomRatio': 1}, 'isSavedOffLine': False, 'isFromInsideBox': True, 'keeperId': 340020, 'firstName': 'Vinícius', 'lastName': 'Júnior', 'fullName': 'Vinícius Júnior', 'shortName': 'Vinicius', 'teamColor': '#2b9217'}",assist by Bruno Guimarães,/players/850354/bruno-guimaraes,850354,assist_by,Bruno Guimarães,Vinicius,1,8256
1420280327Goal1327214undefinedtrue,27,Goal,27,,14202803,"{'id': 1327214, 'name': 'Nestory Irankunda', 'profileUrl': '/players/1327214/nestory-irankunda'}",0,0,/players/1327214/nestory-irankunda,False,True,,,,,,False,Nestory Irankunda,Nestory,Irankunda,Nestory Irankunda,1327214,"[1, 0]",,"{'id': 2944599831, 'eventType': 'Goal', 'teamId': 6716, 'playerId': 1327214, 'playerName': 'Nestory Irankunda', 'x': 92.5, 'y': 38.284285716, 'min': 27, 'minAdded': None, 'isBlocked': False, 'isOnTarget': True, 'blockedX': None, 'blockedY': None, 'goalCrossedY': 36.5925, 'goalCrossedZ': 0.1219999994, 'expectedGoals': 0.3998301029205322, 'expectedGoalsOnTarget': 0.8210766315460205, 'shotType': 'RightFoot', 'situation': 'RegularPlay', 'period': 'FirstHalf', 'isOwnGoal': False, 'onGoalShot': {'x': 0.31415343915343885, 'y': 0.032275132116402115, 'zoomRatio': 1}, 'isSavedOffLine': False, 'isFromInsideBox': True, 'keeperId': 603669, 'firstName': 'Nestory', 'lastName': 'Irankunda', 'fullName': 'Nestory Irankunda', 'teamColor': '#de9c00'}",assist by Paul Okon-Engstler,/players/1527363/paul-okon-engstler,1527363.0,assist_by,Paul Okon-Engstler,Irankunda,1,6716
1420284975Goal885870undefinedtrue,75,Goal,75,,14202849,"{'id': 885870, 'name': 'Connor Metcalfe', 'profileUrl': '/players/885870/connor-metcalfe'}",1,0,/players/885870/connor-metcalfe,False,True,,,,,,False,Connor Metcalfe,Connor,Metcalfe,Connor Metcalfe,885870,"[2, 0]",,"{'id': 2944602905, 'eventType': 'Goal', 'teamId': 6716, 'playerId': 885870, 'playerName': 'Connor Metcalfe', 'x': 80.4577669912, 'y': 29.547619046, 'min': 75, 'minAdded': None, 'isBlocked': False, 'isOnTarget': True, 'blockedX': None, 'blockedY': None, 'goalCrossedY': 31.178749999999994, 'goalCrossedZ': 0.28252631440000003, 'expectedGoals': 0.027268461883068085, 'expectedGoalsOnTarget': 0.14591330289840698, 'shotType': 'LeftFoot', 'situation': 'RegularPlay', 'period': 'SecondHalf', 'isOwnGoal': False, 'onGoalShot': {'x': 1.7463624338624355, 'y': 0.07474241121693122, 'zoomRatio': 1}, 'isSavedOffLine': False, 'isFromInsideBox': False, 'keeperId': 603669, 'firstName': 'Connor', 'lastName': 'Metcalfe', 'fullName': 'Connor Metcalfe', 'teamColor': '#de9c00'}",,,,,,Metcalfe,1,6716
142043076Goal966019undefinedtrue,6,Goal,6,,14204307,"{'id': 966019, 'name': 'Felix Nmecha', 'profileUrl': '/players/966019/felix-nmecha'}",0,0,/players/966019/felix-nmecha,False,True,,,,,,False,Felix Nmecha,Felix,Nmecha,Felix Nmecha,966019,"[1, 0]",,"{'id': 2944646507, 'eventType': 'Goal', 'teamId': 8570, 'playerId': 966019, 'playerName': 'Felix Nmecha', 'x': 90.8, 'y': 42.46625, 'min': 6, 'minAdded': None, 'isBlocked': False, 'isOnTarget': True, 'blockedX': None, 'blockedY': None, 'goalCrossedY': 31.331249999999997, 'goalCrossedZ': 1.1365263102, 'expectedGoals': 0.05875379219651222, 'expectedGoalsOnTarget': 0.5369185209274292, 'shotType': 'RightFoot', 'situation': 'RegularPlay', 'period': 'FirstHalf', 'isOwnGoal': False, 'onGoalShot': {'x': 1.7060185185185193, 'y': 0.30066833603174603, 'zoomRatio': 1}, 'isSavedOffLine': False, 'isFromInsideBox': True, 'keeperId': 150242, 'firstName': 'Felix', 'lastName': 'Nmecha', 'fullName': 'Felix Nmecha', 'teamColor': '#464646'}",assist by Florian Wirtz,/players/1152455/florian-wirtz,1152455.0,assist_by,Florian Wirtz,Nmecha,1,8570
1420436638Goal1002058undefinedtrue,38,Goal,38,,14204366,"{'id': 1002058, 'name': 'Nico Schlotterbeck', 'profileUrl': '/players/1002058/nico-schlotterbeck'}",1,1,/players/1002058/nico-schlotterbeck,False,True,,Header,header,,,False,Nico Schlotterbeck,Nico,Schlotterbeck,Nico Schlotterbeck,1002058,"[2, 1]",,"{'id': 2944650035, 'eventType': 'Goal', 'teamId': 8570, 'playerId': 1002058, 'playerName': 'Nico Schlotterbeck', 'x': 100.44827586240001, 'y': 30.797499999999996, 'min': 38, 'minAdded': None, 'isBlocked': False, 'isOnTarget': True, 'blockedX': None, 'blockedY': None, 'goalCrossedY': 35.75375, 'goalCrossedZ': 0.7319999964, 'expectedGoals': 0.2503298819065094, 'expectedGoalsOnTarget': 0.8872508406639099, 'shotType': 'Header', 'situation': 'FromCorner', 'period': 'FirstHalf', 'isOwnGoal': False, 'onGoalShot': {'x': 0.5360449735449745, 'y': 0.19365079269841268, 'zoomRatio': 1}, 'isSavedOffLine': False, 'isFromInsideBox': True, 'keeperId': 150242, 'firstName': 'Nico', 'lastName': 'Schlotterbeck', 'fullName': 'Nico Schlotterbeck', 'teamColor': '#464646'}",assist by Nathaniel Brown,/players/1395447/nathaniel-brown,1395447.0,assist_by,Nathaniel Brown,Schlotterbeck,1,8570
1420439445Goal749736undefinedtrue,45 + 5,Goal,45,5.0,14204394,"{'id': 749736, 'name': 'Kai Havertz', 'profileUrl': '/players/749736/kai-havertz'}",2,1,/players/749736/kai-havertz,+5,True,,Penalty,penalty,Pen,penalties_short,False,Kai Havertz,Kai,Havertz,Kai Havertz,749736,"[3, 1]",,"{'id': 2944651571, 'eventType': 'Goal', 'teamId': 8570, 'playerId': 749736, 'playerName': 'Kai Havertz', 'x': 94, 'y': 34, 'min': 45, 'minAdded': 5, 'isBlocked': False, 'isOnTarget': True, 'blockedX': None, 'blockedY': None, 'goalCrossedY': 36.821250000000006, 'goalCrossedZ': 0.160526315, 'expectedGoals': 0.7884, 'expectedGoalsOnTarget': 0.8528149127960205, 'shotType': 'LeftFoot', 'situation': 'Penalty', 'period': 'FirstHalf', 'isOwnGoal': False, 'onGoalShot': {'x': 0.2536375661375645, 'y': 0.042467279100529096, 'zoomRatio': 1}, 'isSavedOffLine': False, 'isFromInsideBox': True, 'keeperId': 150242, 'firstName': 'Kai', 'lastName': 'Havertz', 'fullName': 'Kai Havertz', 'teamColor': '#464646'}",,,,,,Havertz,1,8570
1420451888Goal749736undefinedtrue,88,Goal,88,,14204518,"{'id': 749736, 'name': 'Kai Havertz', 'profileUrl': '/players/749736/kai-havertz'}",6,1,/players/749736/kai-havertz,False,True,,,,,,False,Kai Havertz,Kai,Havertz,Kai Havertz,749736,"[7, 1]",,"{'id': 2944658091, 'eventType': 'Goal', 'teamId': 8570, 'playerId': 749736, 'playerName': 'Kai Havertz', 'x': 94.09649122639999, 'y': 43.044375, 'min': 88, 'minAdded': None, 'isBlocked': False, 'isOnTarget': True, 'blockedX': None, 'blockedY': None, 'goalCrossedY': 34, 'goalCrossedZ': 0.44947368200000004, 'expectedGoals': 0.17678968608379364, 'expectedGoalsOnTarget': 0.5287936329841614, 'shotType': 'LeftFoot', 'situation': 'FastBreak', 'period': 'SecondHalf', 'isOwnGoal': False, 'onGoalShot': {'x': 1, 'y': 0.11890838148148149, 'zoomRatio': 1}, 'isSavedOffLine': False, 'isFromInsideBox': True, 'keeperId': 150242, 'firstName': 'Kai', 'lastName': 'Havertz', 'fullName': 'Kai Havertz', 'teamColor': '#464646'}",assist by Deniz Undav,/players/661519/deniz-undav,661519.0,assist_by,Deniz Undav,Havertz,1,8570
1420442847Goal1156141undefinedtrue,47,Goal,47,,14204428,"{'id': 1156141, 'name': 'Jamal Musiala', 'profileUrl': '/players/1156141/jamal-musiala'}",3,1,/players/1156141/jamal-musiala,False,True,,,,,,False,Jamal Musiala,Jamal,Musiala,Jamal Musiala,1156141,"[4, 1]",,"{'id': 2944653817, 'eventType': 'Goal', 'teamId': 8570, 'playerId': 1156141, 'playerName': 'Jamal Musiala', 'x': 98.92105263139999, 'y': 22.878216564699997, 'min': 47, 'minAdded': None, 'isBlocked': False, 'isOnTarget': True, 'blockedX': None, 'blockedY': None, 'goalCrossedY': 36.97375, 'goalCrossedZ': 0.20547368320000003, 'expectedGoals': 0.07221975177526474, 'expectedGoalsOnTarget': 0.5588510036468506, 'shotType': 'RightFoot', 'situation': 'RegularPlay', 'period': 'SecondHalf', 'isOwnGoal': False, 'onGoalShot': {'x': 0.21329365079365015, 'y': 0.05435811724867726, 'zoomRatio': 1}, 'isSavedOffLine': False, 'isFromInsideBox': True, 'keeperId': 150242, 'firstName': 'Jamal', 'lastName': 'Musiala', 'fullName': 'Jamal Musiala', 'teamColor': '#464646'}",assist by Joshua Kimmich,/players/460632/joshua-kimmich,460632.0,assist_by,Joshua Kimmich,Musiala,1,8570
1420447668Goal1395447undefinedtrue,68,Goal,68,,14204476,"{'id': 1395447, 'name': 'Nathaniel Brown', 'profileUrl': '/players/1395447/nathaniel-brown'}",4,1,/players/1395447/nathaniel-brown,False,True,,,,,,False,Nathaniel Brown,Nathaniel,Brown,Nathaniel Brown,1395447,"[5, 1]",,"{'id': 2944656643, 'eventType': 'Goal', 'teamId': 8570, 'playerId': 1395447, 'playerName': 'Nathaniel Brown', 'x': 93.8, 'y': 37.756, 'min': 68, 'minAdded': None, 'isBlocked': False, 'isOnTarget': True, 'blockedX': None, 'blockedY': None, 'goalCrossedY': 31.48375, 'goalCrossedZ': 0.28252631440000003, 'expectedGoals': 0.18207858502864838, 'expectedGoalsOnTarget': 0.2417050004005432, 'shotType': 'RightFoot', 'situation': 'RegularPlay', 'period': 'SecondHalf', 'isOwnGoal': False, 'onGoalShot': {'x': 1.665674603174603, 'y': 0.07474241121693122, 'zoomRatio': 1}, 'isSavedOffLine': False, 'isFromInsideBox': True, 'keeperId': 150242, 'firstName': 'Nathaniel', 'lastName': 'Brown', 'fullName': 'Nathaniel Brown', 'teamColor': '#464646'}",assist by Deniz Undav,/players/661519/deniz-undav,661519.0,assist_by,Deniz Undav,Brown,1,8570
1420449878Goal661519undefinedtrue,78,Goal,78,,14204498,"{'id': 661519, 'name': 'Deniz Undav', 'profileUrl': '/players/661519/deniz-undav'}",5,1,/players/661519/deniz-undav,False,True,,,,,,False,Deniz Undav,Deniz,Undav,Deniz Undav,661519,"[6, 1]",,"{'id': 2944657257, 'eventType': 'Goal', 'teamId': 8570, 'playerId': 661519, 'playerName': 'Deniz Undav', 'x': 98.7280701752, 'y': 36.2875, 'min': 78, 'minAdded': None, 'isBlocked': False, 'isOnTarget': True, 'blockedX': None, 'blockedY': None, 'goalCrossedY': 36.135000000000005, 'goalCrossedZ': 0.9374736796, 'expectedGoals': 0.5023642182350159, 'expectedGoalsOnTarget': 0.9882595539093018, 'shotType': 'RightFoot', 'situation': 'RegularPlay', 'period': 'SecondHalf', 'isOwnGoal': False, 'onGoalShot': {'x': 0.4351851851851839, 'y': 0.24800890994708993, 'zoomRatio': 1}, 'isSavedOffLine': False, 'isFromInsideBox': True, 'keeperId': 150242, 'firstName': 'Deniz', 'lastName': 'Undav', 'fullName': 'Deniz Undav', 'teamColor': '#464646'}",assist by Joshua Kimmich,/players/460632/joshua-kimmich,460632.0,assist_by,Joshua Kimmich,Undav,1,8570
1420498950Goal209405undefinedtrue,50,Goal,50,,14204989,"{'id': 209405, 'name': 'Virgil van Dijk', 'profileUrl': '/players/209405/virgil-van-dijk'}",0,0,/players/209405/virgil-van-dijk,False,True,,Header,header,,,False,Virgil van Dijk,Virgil,van Dijk,Virgil van Dijk,209405,"[1, 0]",,"{'id': 2944688999, 'eventType': 'Goal', 'teamId': 6708, 'playerId': 209405, 'playerName': 'Virgil van Dijk', 'x': 96.605263157, 'y': 40.217380953, 'min': 51, 'minAdded': None, 'isBlocked': False, 'isOnTarget': True, 'blockedX': None, 'blockedY': None, 'goalCrossedY': 31.4075, 'goalCrossedZ': 0.6934736808, 'expectedGoals': 0.05977054685354233, 'expectedGoalsOnTarget': 0.35435348749160767, 'shotType': 'Header', 'situation': 'SetPiece', 'period': 'SecondHalf', 'isOwnGoal': False, 'onGoalShot': {'x': 1.6858465608465611, 'y': 0.18345864571428572, 'zoomRatio': 1}, 'isSavedOffLine': False, 'isFromInsideBox': True, 'keeperId': 1053679, 'firstName': 'Virgil', 'lastName': 'van Dijk', 'fullName': 'Virgil van Dijk', 'teamColor': '#FB6132'}",assist by Ryan Gravenberch,/players/956683/ryan-gravenberch,956683,assist_by,Ryan Gravenberch,van Dijk,1,6708
1420500864Goal941213undefinedtrue,64,Goal,64,,14205008,"{'id': 941213, 'name': 'Crysencio Summerville', 'profileUrl': '/players/941213/crysencio-summerville'}",1,1,/players/941213/crysencio-summerville,False,True,,,,,,False,Crysencio Summerville,Crysencio,Summerville,Crysencio Summerville,941213,"[2, 1]",,"{'id': 2944690987, 'eventType': 'Goal', 'teamId': 6708, 'playerId': 941213, 'playerName': 'Crysencio Summerville', 'x': 90.5, 'y': 20.0756687927, 'min': 64, 'minAdded': None, 'isBlocked': False, 'isOnTarget': True, 'blockedX': None, 'blockedY': None, 'goalCrossedY': 37.355000000000004, 'goalCrossedZ': 0.3659999982, 'expectedGoals': 0.0190520491451025, 'expectedGoalsOnTarget': 0.505609929561615, 'shotType': 'LeftFoot', 'situation': 'RegularPlay', 'period': 'SecondHalf', 'isOwnGoal': False, 'onGoalShot': {'x': 0.11243386243386144, 'y': 0.09682539634920634, 'zoomRatio': 1}, 'isSavedOffLine': False, 'isFromInsideBox': True, 'keeperId': 1053679, 'firstName': 'Crysencio', 'lastName': 'Summerville', 'fullName': 'Crysencio Summerville', 'teamColor': '#FB6132'}",assist by Ryan Gravenberch,/players/956683/ryan-gravenberch,956683,assist_by,Ryan Gravenberch,Summerville,1,6708
1420527890Goal1070052undefinedtrue,90,Goal,90,,14205278,"{'id': 1070052, 'name': 'Amad Diallo', 'profileUrl': '/players/1070052/amad-diallo'}",0,0,/players/1070052/amad-diallo,False,True,,,,,,False,Amad Diallo,Amad,Diallo,Amad Diallo,Amad,1070052,"[1, 0]",,"{'id': 2944721263, 'eventType': 'Goal', 'teamId': 6709, 'playerId': 1070052, 'playerName': 'Amad Diallo', 'x': 90.5, 'y': 31.7125, 'min': 90, 'minAdded': 0, 'isBlocked': False, 'isOnTarget': True, 'blockedX': None, 'blockedY': None, 'goalCrossedY': 37.355000000000004, 'goalCrossedZ': 0.3659999982, 'expectedGoals': 0.16347406804561615, 'expectedGoalsOnTarget': 0.8651841878890991, 'shotType': 'LeftFoot', 'situation': 'RegularPlay', 'period': 'SecondHalf', 'isOwnGoal': False, 'onGoalShot': {'x': 0.11243386243386144, 'y': 0.09682539634920634, 'zoomRatio': 1}, 'isSavedOffLine': False, 'isFromInsideBox': True, 'keeperId': 146801, 'firstName': 'Amad', 'lastName': 'Diallo', 'fullName': 'Amad Diallo', 'shortName': 'Amad', 'teamColor': '#FD8B06'}",assist by Wilfried Singo,/players/1027472/wilfried-singo,1027472,assist_by,Wilfried Singo,Amad,1,6709
